PlayerID,Season,GameDate,Week,Team,Opponent,HomeOrAway,Number,Name,Position,PositionCategory,Activated,Played,Started,PassingAttempts
13914,2014,2014-09-08 22:20:00,1,ARI,SD,HOME,2,Drew Butler,P,ST,Y,Y,N,0
2428,2014,2014-09-08 22:20:00,1,ARI,SD,HOME,3,Carson Palmer,QB,OFF,Y,Y,Y,37
4737,2014,2014-09-08 22:20:00,1,ARI,SD,HOME,5,Drew Stanton,QB,OFF,Y,N,N,0
16656,2014,2014-09-08 22:20:00,1,ARI,SD,HOME,6,Logan Thomas,QB,OFF,N,N,N,0
16644,2014,2014-09-08 22:20:00,1,ARI,SD,HOME,7,Chandler Catanzaro,K,ST,Y,Y,N,0
4130,2014,2014-09-08 22:20:00,1,ARI,SD,HOME,9,Dave Zastudil,P,ST,Y,Y,N,0
5571,2014,2014-09-08 22:20:00,1,ARI,SD,HOME,11,Larry Fitzgerald,WR,OFF,Y,Y,Y,0
16640,2014,2014-09-08 22:20:00,1,ARI,SD,HOME,12,John Brown,WR,OFF,Y,Y,N,0
15509,2014,2014-09-08 22:20:00,1,ARI,SD,HOME,13,Jaron Brown,WR,OFF,Y,Y,N,0
14478,2014,2014-09-08 22:20:00,1,ARI,SD,HOME,15,Michael Floyd,WR,OFF,Y,Y,Y,0
12109,2014,2014-09-08 22:20:00,1,ARI,SD,HOME,19,Ted Ginn,WR,OFF,Y,Y,N,0
12262,2014,2014-09-08 22:20:00,1,ARI,SD,HOME,20,Jonathan Dwyer,RB,OFF,Y,Y,N,0
13415,2014,2014-09-08 22:20:00,1,ARI,SD,HOME,21,Patrick Peterson,CB,DEF,Y,Y,Y,0
15516,2014,2014-09-08 22:20:00,1,ARI,SD,HOME,22,Tony Jefferson,S,DEF,Y,Y,N,0
9681,2014,2014-09-08 22:20:00,1,ARI,SD,HOME,25,Jerraud Powers,CB,DEF,Y,Y,Y,0
9783,2014,2014-09-08 22:20:00,1,ARI,SD,HOME,26,Rashad Johnson,FS,DEF,Y,Y,Y,0
14469,2014,2014-09-08 22:20:00,1,ARI,SD,HOME,28,Justin Bethel,CB,DEF,Y,Y,N,0
15230,2014,2014-09-08 22:20:00,1,ARI,SD,HOME,30,Stepfan Taylor,RB,OFF,Y,Y,N,0
11692,2014,2014-09-08 22:20:00,1,ARI,SD,HOME,31,Antonio Cromartie,CB,DEF,Y,Y,Y,0
15226,2014,2014-09-08 22:20:00,1,ARI,SD,HOME,32,Tyrann Mathieu,S,DEF,N,N,N,0
16642,2014,2014-09-08 22:20:00,1,ARI,SD,HOME,36,Deone Bucannon,SS,DEF,Y,Y,Y,0
15224,2014,2014-09-08 22:20:00,1,ARI,SD,HOME,38,Andre Ellington,RB,OFF,Y,Y,Y,0
14752,2014,2014-09-08 22:20:00,1,ARI,SD,HOME,39,Robert Hughes,RB,OFF,Y,Y,N,0
40,2014,2014-09-08 22:20:00,1,ARI,SD,HOME,50,Larry Foote,ILB,DEF,Y,Y,Y,0
15227,2014,2014-09-08 22:20:00,1,ARI,SD,HOME,51,Kevin Minter,LB,DEF,Y,Y,N,0
13317,2014,2014-09-08 22:20:00,1,ARI,SD,HOME,53,Thomas Keiser,DE,DEF,Y,Y,N,0
15512,2014,2014-09-08 22:20:00,1,ARI,SD,HOME,54,Kenny Demens,LB,DEF,Y,Y,N,0
8174,2014,2014-09-08 22:20:00,1,ARI,SD,HOME,55,John Abraham,OLB,DEF,Y,Y,Y,0
16643,2014,2014-09-08 22:20:00,1,ARI,SD,HOME,56,Glenn Carson,LB,DEF,N,N,N,0
15228,2014,2014-09-08 22:20:00,1,ARI,SD,HOME,57,Alex Okafor,LB,DEF,N,N,N,0
15223,2014,2014-09-08 22:20:00,1,ARI,SD,HOME,61,Jonathan Cooper,G,OFF,Y,Y,N,0
12298,2014,2014-09-08 22:20:00,1,ARI,SD,HOME,62,Ted Larsen,LG,OFF,Y,Y,Y,0
4182,2014,2014-09-08 22:20:00,1,ARI,SD,HOME,63,Lyle Sendlein,C,OFF,Y,Y,Y,0
14623,2014,2014-09-08 22:20:00,1,ARI,SD,HOME,66,Alameda Ta'amu,NT,DEF,Y,Y,N,0
11241,2014,2014-09-08 22:20:00,1,ARI,SD,HOME,68,Jared Veldheer,LT,OFF,Y,Y,Y,0
14483,2014,2014-09-08 22:20:00,1,ARI,SD,HOME,70,Bobby Massie,RT,OFF,Y,Y,Y,0
16655,2014,2014-09-08 22:20:00,1,ARI,SD,HOME,72,Ed Stinson,DT,DEF,Y,Y,N,0
12634,2014,2014-09-08 22:20:00,1,ARI,SD,HOME,74,Paul Fanaika,RG,OFF,Y,Y,Y,0
15231,2014,2014-09-08 22:20:00,1,ARI,SD,HOME,78,Earl Watford,G,OFF,N,N,N,0
14707,2014,2014-09-08 22:20:00,1,ARI,SD,HOME,79,Bradley Sowell,OT,OFF,Y,Y,N,0
9784,2014,2014-09-08 22:20:00,1,ARI,SD,HOME,82,Mike Leach,LS,ST,Y,Y,N,0
13406,2014,2014-09-08 22:20:00,1,ARI,SD,HOME,84,Rob Housler,TE,OFF,Y,Y,Y,0
15247,2014,2014-09-08 22:20:00,1,ARI,SD,HOME,85,Darren Fells,TE,OFF,N,N,N,0
16648,2014,2014-09-08 22:20:00,1,ARI,SD,HOME,87,Troy Niklas,TE,OFF,Y,Y,N,0
3878,2014,2014-09-08 22:20:00,1,ARI,SD,HOME,89,John Carlson,TE,OFF,Y,Y,Y,0
8788,2014,2014-09-08 22:20:00,1,ARI,SD,HOME,91,Matt Shaughnessy,OLB,DEF,Y,Y,Y,0
11572,2014,2014-09-08 22:20:00,1,ARI,SD,HOME,92,Dan Williams,NT,DEF,Y,Y,Y,0
3341,2014,2014-09-08 22:20:00,1,ARI,SD,HOME,93,Calais Campbell,DE,DEF,Y,Y,Y,0
13400,2014,2014-09-08 22:20:00,1,ARI,SD,HOME,94,Sam Acho,LB,DEF,Y,Y,N,0
1945,2014,2014-09-08 22:20:00,1,ARI,SD,HOME,95,Tommy Kelly,DT,DEF,Y,Y,N,0
16647,2014,2014-09-08 22:20:00,1,ARI,SD,HOME,96,Kareem Martin,DE,DEF,N,N,N,0
11940,2014,2014-09-08 22:20:00,1,ARI,SD,HOME,97,Lorenzo Alexander,LB,DEF,Y,Y,N,0
1214,2014,2014-09-08 22:20:00,1,ARI,SD,HOME,98,Frostee Rucker,DT,DEF,Y,Y,Y,0
732,2014,2014-09-07 13:00:00,1,ATL,NO,HOME,2,Matt Ryan,QB,OFF,Y,Y,Y,43
3388,2014,2014-09-07 13:00:00,1,ATL,NO,HOME,3,Matt Bryant,K,ST,Y,Y,N,0
13281,2014,2014-09-07 13:00:00,1,ATL,NO,HOME,5,Matt Bosher,P,ST,Y,Y,N,0
13291,2014,2014-09-07 13:00:00,1,ATL,NO,HOME,11,Julio Jones,WR,OFF,Y,Y,Y,0
15182,2014,2014-09-07 13:00:00,1,ATL,NO,HOME,12,Sean Renfree,QB,OFF,N,N,N,0
12956,2014,2014-09-07 13:00:00,1,ATL,NO,HOME,13,TJ Yates,QB,OFF,Y,N,N,0
3601,2014,2014-09-07 13:00:00,1,ATL,NO,HOME,14,Eric Weems,WR,OFF,Y,N,N,0
5013,2014,2014-09-07 13:00:00,1,ATL,NO,HOME,15,Courtney Roby,WR,OFF,Y,Y,N,0
7082,2014,2014-09-07 13:00:00,1,ATL,NO,HOME,17,Devin Hester,WR,OFF,Y,Y,N,0
11700,2014,2014-09-07 13:00:00,1,ATL,NO,HOME,20,Dwight Lowery,S,DEF,Y,Y,Y,0
15183,2014,2014-09-07 13:00:00,1,ATL,NO,HOME,21,Desmond Trufant,CB,DEF,Y,Y,Y,0
15177,2014,2014-09-07 13:00:00,1,ATL,NO,HOME,23,Robert Alford,CB,DEF,Y,Y,Y,0
16524,2014,2014-09-07 13:00:00,1,ATL,NO,HOME,24,Devonta Freeman,RB,OFF,Y,Y,N,0
9118,2014,2014-09-07 13:00:00,1,ATL,NO,HOME,25,William Moore,S,DEF,Y,Y,Y,0
12150,2014,2014-09-07 13:00:00,1,ATL,NO,HOME,26,Josh Wilson,CB,DEF,Y,Y,N,0
11464,2014,2014-09-07 13:00:00,1,ATL,NO,HOME,27,Robert McClain,CB,DEF,Y,Y,N,0
12211,2014,2014-09-07 13:00:00,1,ATL,NO,HOME,28,Javier Arenas,CB,DEF,N,N,N,0
13299,2014,2014-09-07 13:00:00,1,ATL,NO,HOME,32,Jacquizz Rodgers,RB,OFF,Y,Y,N,0
11439,2014,2014-09-07 13:00:00,1,ATL,NO,HOME,35,Antone Smith,RB,OFF,Y,Y,N,0
15179,2014,2014-09-07 13:00:00,1,ATL,NO,HOME,36,Kemal Ishmael,S,DEF,Y,Y,N,0
1652,2014,2014-09-07 13:00:00,1,ATL,NO,HOME,39,Steven Jackson,RB,OFF,Y,Y,Y,0
16542,2014,2014-09-07 13:00:00,1,ATL,NO,HOME,41,Dezmen Southward,S,DEF,N,N,N,0
14786,2014,2014-09-07 13:00:00,1,ATL,NO,HOME,42,Patrick DiMarco,FB,OFF,Y,Y,N,0
14567,2014,2014-09-07 13:00:00,1,ATL,NO,HOME,47,Josh Harris,LS,ST,Y,Y,N,0
5400,2014,2014-09-07 13:00:00,1,ATL,NO,HOME,50,Osi Umenyiora,OLB,DEF,Y,Y,N,0
15669,2014,2014-09-07 13:00:00,1,ATL,NO,HOME,52,Nathan Stupar,LB,DEF,N,N,N,0
16538,2014,2014-09-07 13:00:00,1,ATL,NO,HOME,53,Prince Shembo,LB,DEF,Y,Y,N,0
16544,2014,2014-09-07 13:00:00,1,ATL,NO,HOME,54,Tyler Starr,LB,DEF,N,N,N,0
15176,2014,2014-09-07 13:00:00,1,ATL,NO,HOME,55,Paul Worrilow,LB,DEF,Y,Y,Y,0
15154,2014,2014-09-07 13:00:00,1,ATL,NO,HOME,59,Joplo Bartu,LB,DEF,Y,Y,Y,0
11429,2014,2014-09-07 13:00:00,1,ATL,NO,HOME,61,Joe Hawley,C,OFF,Y,Y,Y,0
16545,2014,2014-09-07 13:00:00,1,ATL,NO,HOME,62,James Stone,C,OFF,N,N,N,0
5374,2014,2014-09-07 13:00:00,1,ATL,NO,HOME,63,Justin Blalock,LG,OFF,Y,Y,Y,0
14568,2014,2014-09-07 13:00:00,1,ATL,NO,HOME,66,Peter Konz,C,OFF,Y,Y,N,0
13186,2014,2014-09-07 13:00:00,1,ATL,NO,HOME,68,Gabe Carimi,OL,OFF,Y,Y,N,0
16531,2014,2014-09-07 13:00:00,1,ATL,NO,HOME,70,Jake Matthews,LT,OFF,Y,Y,Y,0
3533,2014,2014-09-07 13:00:00,1,ATL,NO,HOME,71,Kroy Biermann,DE,DEF,Y,Y,Y,0
15170,2014,2014-09-07 13:00:00,1,ATL,NO,HOME,73,Ryan Schraeder,OT,OFF,N,N,N,0
11203,2014,2014-09-07 13:00:00,1,ATL,NO,HOME,75,Jon Asamoah,RG,OFF,Y,Y,Y,0
14309,2014,2014-09-07 13:00:00,1,ATL,NO,HOME,76,Lamar Holmes,RT,OFF,Y,Y,Y,0
16526,2014,2014-09-07 13:00:00,1,ATL,NO,HOME,77,Ra'Shede Hageman,DE,DEF,Y,Y,N,0
15378,2014,2014-09-07 13:00:00,1,ATL,NO,HOME,80,Levine Toilolo,TE,OFF,Y,Y,Y,0
6211,2014,2014-09-07 13:00:00,1,ATL,NO,HOME,83,Harry Douglas,WR,OFF,Y,Y,Y,0
204,2014,2014-09-07 13:00:00,1,ATL,NO,HOME,84,Roddy White,WR,OFF,Y,Y,Y,0
10291,2014,2014-09-07 13:00:00,1,ATL,NO,HOME,86,Bear Pascoe,TE,OFF,Y,Y,N,0
15180,2014,2014-09-07 13:00:00,1,ATL,NO,HOME,90,Stansly Maponga,OLB,DEF,Y,Y,N,0
11437,2014,2014-09-07 13:00:00,1,ATL,NO,HOME,91,Corey Peters,DT,DEF,N,N,N,0
15178,2014,2014-09-07 13:00:00,1,ATL,NO,HOME,93,Malliciah Goodman,DE,DEF,Y,Y,N,0
14571,2014,2014-09-07 13:00:00,1,ATL,NO,HOME,94,Jonathan Massaquoi,OLB,DEF,Y,Y,Y,0
5315,2014,2014-09-07 13:00:00,1,ATL,NO,HOME,95,Jonathan Babineaux,DE,DEF,Y,Y,Y,0
2623,2014,2014-09-07 13:00:00,1,ATL,NO,HOME,96,Paul Soliai,DT,DEF,Y,Y,Y,0
13292,2014,2014-09-07 13:00:00,1,ATL,NO,HOME,98,Cliff Matthews,DE,DEF,Y,Y,N,0
8739,2014,2014-09-07 13:00:00,1,ATL,NO,HOME,99,Tyson Jackson,DE,DEF,Y,Y,Y,0
12831,2014,2014-09-07 13:00:00,1,BAL,CIN,HOME,2,Tyrod Taylor,QB,OFF,Y,N,N,0
430,2014,2014-09-07 13:00:00,1,BAL,CIN,HOME,4,Sam Koch,P,ST,Y,Y,N,0
611,2014,2014-09-07 13:00:00,1,BAL,CIN,HOME,5,Joe Flacco,QB,OFF,Y,Y,Y,62
14688,2014,2014-09-07 13:00:00,1,BAL,CIN,HOME,9,Justin Tucker,K,ST,Y,Y,N,0
12722,2014,2014-09-07 13:00:00,1,BAL,CIN,HOME,11,Kamar Aiken,WR,OFF,Y,Y,N,0
5100,2014,2014-09-07 13:00:00,1,BAL,CIN,HOME,12,Jacoby Jones,WR,OFF,Y,Y,N,0
15479,2014,2014-09-07 13:00:00,1,BAL,CIN,HOME,14,Marlon Brown,WR,OFF,Y,Y,N,0
16081,2014,2014-09-07 13:00:00,1,BAL,CIN,HOME,15,Michael Campanaro,WR,OFF,N,N,N,0
9788,2014,2014-09-07 13:00:00,1,BAL,CIN,HOME,21,Lardarius Webb,CB,DEF,N,N,N,0
12829,2014,2014-09-07 13:00:00,1,BAL,CIN,HOME,22,Jimmy Smith,CB,DEF,Y,Y,Y,0
12814,2014,2014-09-07 13:00:00,1,BAL,CIN,HOME,23,Chykie Brown,CB,DEF,Y,Y,Y,0
11548,2014,2014-09-07 13:00:00,1,BAL,CIN,HOME,24,Darian Stewart,FS,DEF,Y,Y,Y,0
13841,2014,2014-09-07 13:00:00,1,BAL,CIN,HOME,25,Asa Jackson,CB,DEF,Y,Y,N,0
14899,2014,2014-09-07 13:00:00,1,BAL,CIN,HOME,26,Matt Elam,SS,DEF,Y,Y,Y,0
15433,2014,2014-09-07 13:00:00,1,BAL,CIN,HOME,28,Brynden Trawick,CB,DEF,Y,Y,N,0
9369,2014,2014-09-07 13:00:00,1,BAL,CIN,HOME,29,Justin Forsett,RB,OFF,Y,Y,N,0
14687,2014,2014-09-07 13:00:00,1,BAL,CIN,HOME,30,Bernard Pierce,RB,OFF,Y,Y,Y,0
16078,2014,2014-09-07 13:00:00,1,BAL,CIN,HOME,31,Terrence Brooks,S,DEF,Y,Y,N,0
16099,2014,2014-09-07 13:00:00,1,BAL,CIN,HOME,34,Lorenzo Taliaferro,RB,OFF,Y,Y,N,0
12519,2014,2014-09-07 13:00:00,1,BAL,CIN,HOME,36,Jeromy Miles,S,DEF,Y,Y,N,0
14767,2014,2014-09-07 13:00:00,1,BAL,CIN,HOME,41,Anthony Levine,S,DEF,Y,Y,N,0
16699,2014,2014-09-07 13:00:00,1,BAL,CIN,HOME,43,Fitzgerald Toussaint,RB,OFF,N,N,N,0
14901,2014,2014-09-07 13:00:00,1,BAL,CIN,HOME,44,Kyle Juszczyk,FB,OFF,Y,Y,Y,0
11008,2014,2014-09-07 13:00:00,1,BAL,CIN,HOME,46,Morgan Cox,LS,ST,Y,Y,N,0
13520,2014,2014-09-07 13:00:00,1,BAL,CIN,HOME,50,Albert McClellan,ILB,DEF,Y,Y,N,0
5353,2014,2014-09-07 13:00:00,1,BAL,CIN,HOME,51,Daryl Smith,ILB,DEF,Y,Y,Y,0
127,2014,2014-09-07 13:00:00,1,BAL,CIN,HOME,53,Jeremy Zuttah,C,OFF,Y,Y,Y,0
16095,2014,2014-09-07 13:00:00,1,BAL,CIN,HOME,54,Zach Orr,LB,DEF,Y,Y,N,0
7383,2014,2014-09-07 13:00:00,1,BAL,CIN,HOME,55,Terrell Suggs,OLB,DEF,Y,Y,Y,0
16093,2014,2014-09-07 13:00:00,1,BAL,CIN,HOME,57,CJ Mosley,ILB,DEF,Y,Y,Y,0
16093,2014,2014-09-07 13:00:00,1,BAL,CIN,HOME,57,CJ Mosley,ILB,DEF,Y,Y,Y,0
832,2014,2014-09-07 13:00:00,1,BAL,CIN,HOME,58,Elvis Dumervil,OLB,DEF,Y,Y,N,0
14898,2014,2014-09-07 13:00:00,1,BAL,CIN,HOME,59,Arthur Brown,ILB,DEF,N,N,N,0
8655,2014,2014-09-07 13:00:00,1,BAL,CIN,HOME,60,Eugene Monroe,LT,OFF,Y,Y,Y,0
16101,2014,2014-09-07 13:00:00,1,BAL,CIN,HOME,64,John Urschel,OL,OFF,N,N,N,0
13838,2014,2014-09-07 13:00:00,1,BAL,CIN,HOME,66,Gino Gradkowski,OL,OFF,Y,Y,N,0
14905,2014,2014-09-07 13:00:00,1,BAL,CIN,HOME,71,Ricky Wagner,RT,OFF,Y,Y,Y,0
13848,2014,2014-09-07 13:00:00,1,BAL,CIN,HOME,72,Kelechi Osemele,LG,OFF,Y,Y,Y,0
7459,2014,2014-09-07 13:00:00,1,BAL,CIN,HOME,73,Marshal Yanda,RG,OFF,Y,Y,Y,0
16086,2014,2014-09-07 13:00:00,1,BAL,CIN,HOME,74,James Hurst,OT,OFF,Y,N,N,0
12824,2014,2014-09-07 13:00:00,1,BAL,CIN,HOME,76,Jah Reid,OL,OFF,N,N,N,0
16083,2014,2014-09-07 13:00:00,1,BAL,CIN,HOME,80,Crockett Gillmore,TE,OFF,Y,Y,N,0
1810,2014,2014-09-07 13:00:00,1,BAL,CIN,HOME,81,Owen Daniels,TE,OFF,Y,Y,N,0
12830,2014,2014-09-07 13:00:00,1,BAL,CIN,HOME,82,Torrey Smith,WR,OFF,Y,Y,Y,0
13856,2014,2014-09-07 13:00:00,1,BAL,CIN,HOME,83,Deonte Thompson,WR,OFF,N,N,N,0
11017,2014,2014-09-07 13:00:00,1,BAL,CIN,HOME,88,Dennis Pitta,TE,OFF,Y,Y,Y,0
4358,2014,2014-09-07 13:00:00,1,BAL,CIN,HOME,89,Steve Smith,WR,OFF,Y,Y,Y,0
12822,2014,2014-09-07 13:00:00,1,BAL,CIN,HOME,90,Pernell McPhee,OLB,DEF,Y,Y,N,0
13858,2014,2014-09-07 13:00:00,1,BAL,CIN,HOME,91,Courtney Upshaw,OLB,DEF,Y,Y,Y,0
7680,2014,2014-09-07 13:00:00,1,BAL,CIN,HOME,92,Haloti Ngata,DT,DEF,Y,Y,Y,0
13857,2014,2014-09-07 13:00:00,1,BAL,CIN,HOME,93,DeAngelo Tyson,DE,DEF,Y,Y,N,0
16088,2014,2014-09-07 13:00:00,1,BAL,CIN,HOME,97,Timmy Jernigan,DT,DEF,Y,Y,N,0
14906,2014,2014-09-07 13:00:00,1,BAL,CIN,HOME,98,Brandon Williams,DE,DEF,Y,Y,Y,0
14906,2014,2014-09-07 13:00:00,1,BAL,CIN,HOME,98,Brandon Williams,DE,DEF,Y,Y,Y,0
8872,2014,2014-09-07 13:00:00,1,BAL,CIN,HOME,99,Chris Canty,DE,DEF,Y,Y,Y,0
1269,2014,2014-09-07 13:00:00,1,BUF,CHI,AWAY,2,Dan Carpenter,K,ST,Y,Y,N,0
14868,2014,2014-09-07 13:00:00,1,BUF,CHI,AWAY,3,EJ Manuel,QB,OFF,Y,Y,Y,22
15710,2014,2014-09-07 13:00:00,1,BUF,CHI,AWAY,4,Jordan Gay,P,ST,Y,Y,N,0
15625,2014,2014-09-07 13:00:00,1,BUF,CHI,AWAY,6,Colton Schmidt,P,ST,Y,Y,N,0
14871,2014,2014-09-07 13:00:00,1,BUF,CHI,AWAY,10,Robert Woods,WR,OFF,Y,Y,Y,0
16003,2014,2014-09-07 13:00:00,1,BUF,CHI,AWAY,14,Sammy Watkins,WR,OFF,Y,Y,Y,0
14828,2014,2014-09-07 13:00:00,1,BUF,CHI,AWAY,15,Chris Hogan,WR,OFF,Y,Y,N,0
8703,2014,2014-09-07 13:00:00,1,BUF,CHI,AWAY,18,Kyle Orton,QB,OFF,Y,N,N,0
12412,2014,2014-09-07 13:00:00,1,BUF,CHI,AWAY,19,Mike Williams,WR,OFF,Y,Y,N,0
6853,2014,2014-09-07 13:00:00,1,BUF,CHI,AWAY,20,Corey Graham,CB,DEF,Y,Y,Y,0
5035,2014,2014-09-07 13:00:00,1,BUF,CHI,AWAY,21,Leodis McKelvin,CB,DEF,Y,Y,Y,0
5701,2014,2014-09-07 13:00:00,1,BUF,CHI,AWAY,22,Fred Jackson,RB,OFF,Y,Y,N,0
12747,2014,2014-09-07 13:00:00,1,BUF,CHI,AWAY,23,Aaron Williams,SS,DEF,Y,Y,Y,0
13761,2014,2014-09-07 13:00:00,1,BUF,CHI,AWAY,24,Stephon Gilmore,CB,DEF,N,N,N,0
12741,2014,2014-09-07 13:00:00,1,BUF,CHI,AWAY,25,Da'Norris Searcy,FS,DEF,Y,Y,Y,0
12285,2014,2014-09-07 13:00:00,1,BUF,CHI,AWAY,26,Anthony Dixon,RB,OFF,Y,Y,N,0
14870,2014,2014-09-07 13:00:00,1,BUF,CHI,AWAY,27,Duke Williams,S,DEF,Y,Y,N,0
10949,2014,2014-09-07 13:00:00,1,BUF,CHI,AWAY,28,CJ Spiller,RB,OFF,Y,Y,Y,0
15988,2014,2014-09-07 13:00:00,1,BUF,CHI,AWAY,29,Ross Cockrell,CB,DEF,Y,Y,N,0
13757,2014,2014-09-07 13:00:00,1,BUF,CHI,AWAY,33,Ron Brooks,CB,DEF,Y,Y,N,0
13719,2014,2014-09-07 13:00:00,1,BUF,CHI,AWAY,35,Bryce Brown,RB,OFF,N,N,N,0
14869,2014,2014-09-07 13:00:00,1,BUF,CHI,AWAY,36,Jonathan Meeks,S,DEF,N,N,N,0
15469,2014,2014-09-07 13:00:00,1,BUF,CHI,AWAY,37,Nickell Robey,DB,DEF,Y,Y,Y,0
15880,2014,2014-09-07 13:00:00,1,BUF,CHI,AWAY,38,Frank Summers,FB,OFF,Y,Y,Y,0
10985,2014,2014-09-07 13:00:00,1,BUF,CHI,AWAY,51,Brandon Spikes,LB,DEF,Y,Y,N,0
15986,2014,2014-09-07 13:00:00,1,BUF,CHI,AWAY,52,Preston Brown,OLB,DEF,Y,Y,Y,0
15843,2014,2014-09-07 13:00:00,1,BUF,CHI,AWAY,54,Jacquies Smith,LB,DEF,N,N,N,0
11132,2014,2014-09-07 13:00:00,1,BUF,CHI,AWAY,55,Jerry Hughes,DE,DEF,Y,Y,Y,0
3753,2014,2014-09-07 13:00:00,1,BUF,CHI,AWAY,56,Keith Rivers,OLB,DEF,Y,Y,Y,0
15257,2014,2014-09-07 13:00:00,1,BUF,CHI,AWAY,57,Ty Powell,LB,DEF,Y,Y,N,0
15997,2014,2014-09-07 13:00:00,1,BUF,CHI,AWAY,58,Randell Johnson,LB,DEF,Y,Y,N,0
12158,2014,2014-09-07 13:00:00,1,BUF,CHI,AWAY,60,Kraig Urbik,G,OFF,Y,Y,N,0
9700,2014,2014-09-07 13:00:00,1,BUF,CHI,AWAY,65,Garrison Sanborn,LS,ST,Y,Y,N,0
15993,2014,2014-09-07 13:00:00,1,BUF,CHI,AWAY,66,Seantrel Henderson,RT,OFF,Y,Y,Y,0
16001,2014,2014-09-07 13:00:00,1,BUF,CHI,AWAY,68,Cyril Richardson,G,OFF,N,N,N,0
8316,2014,2014-09-07 13:00:00,1,BUF,CHI,AWAY,70,Eric Wood,C,OFF,Y,Y,Y,0
15999,2014,2014-09-07 13:00:00,1,BUF,CHI,AWAY,71,Cyrus Kouandjio,OT,OFF,N,N,N,0
4442,2014,2014-09-07 13:00:00,1,BUF,CHI,AWAY,74,Chris Williams,LG,OFF,Y,Y,Y,0
12730,2014,2014-09-07 13:00:00,1,BUF,CHI,AWAY,75,Chris Hairston,OT,OFF,Y,Y,N,0
13762,2014,2014-09-07 13:00:00,1,BUF,CHI,AWAY,77,Cordy Glenn,LT,OFF,Y,Y,Y,0
12610,2014,2014-09-07 13:00:00,1,BUF,CHI,AWAY,79,Erik Pears,RG,OFF,Y,Y,Y,0
13486,2014,2014-09-07 13:00:00,1,BUF,CHI,AWAY,81,Marcus Easley,WR,OFF,Y,Y,N,0
12548,2014,2014-09-07 13:00:00,1,BUF,CHI,AWAY,84,Scott Chandler,TE,OFF,Y,Y,N,0
12777,2014,2014-09-07 13:00:00,1,BUF,CHI,AWAY,85,Lee Smith,TE,OFF,N,N,N,0
14865,2014,2014-09-07 13:00:00,1,BUF,CHI,AWAY,88,Marquise Goodwin,WR,OFF,Y,Y,N,0
14866,2014,2014-09-07 13:00:00,1,BUF,CHI,AWAY,89,Chris Gragg,TE,OFF,Y,Y,Y,0
1141,2014,2014-09-07 13:00:00,1,BUF,CHI,AWAY,91,Manny Lawson,DE,DEF,Y,Y,N,0
9066,2014,2014-09-07 13:00:00,1,BUF,CHI,AWAY,92,Jarius Wynn,DE,DEF,Y,Y,N,0
5467,2014,2014-09-07 13:00:00,1,BUF,CHI,AWAY,94,Mario Williams,DE,DEF,Y,Y,Y,0
2550,2014,2014-09-07 13:00:00,1,BUF,CHI,AWAY,95,Kyle Williams,DT,DEF,Y,Y,Y,0
2232,2014,2014-09-07 13:00:00,1,BUF,CHI,AWAY,96,Stefan Charles,DT,DEF,Y,Y,N,0
12890,2014,2014-09-07 13:00:00,1,BUF,CHI,AWAY,97,Corbin Bryant,DT,DEF,Y,Y,N,0
12725,2014,2014-09-07 13:00:00,1,BUF,CHI,AWAY,99,Marcell Dareus,DT,DEF,Y,Y,Y,0
13320,2014,2014-09-07 16:25:00,1,CAR,TB,AWAY,1,Cam Newton,QB,OFF,N,N,N,0
12083,2014,2014-09-07 16:25:00,1,CAR,TB,AWAY,3,Derek Anderson,QB,OFF,Y,Y,Y,34
14341,2014,2014-09-07 16:25:00,1,CAR,TB,AWAY,8,Brad Nortman,P,ST,Y,Y,N,0
10333,2014,2014-09-07 16:25:00,1,CAR,TB,AWAY,9,Graham Gano,K,ST,Y,Y,N,0
15714,2014,2014-09-07 16:25:00,1,CAR,TB,AWAY,11,Brenton Bersin,WR,OFF,N,N,N,0
16550,2014,2014-09-07 16:25:00,1,CAR,TB,AWAY,13,Kelvin Benjamin,WR,OFF,Y,Y,Y,0
11422,2014,2014-09-07 16:25:00,1,CAR,TB,AWAY,14,Joe Webb,QB,OFF,Y,N,N,0
16553,2014,2014-09-07 16:25:00,1,CAR,TB,AWAY,16,Corey Brown,WR,OFF,Y,Y,N,0
3787,2014,2014-09-07 16:25:00,1,CAR,TB,AWAY,20,Antoine Cason,CB,DEF,Y,Y,Y,0
1097,2014,2014-09-07 16:25:00,1,CAR,TB,AWAY,21,Thomas Decoud,FS,DEF,Y,Y,Y,0
15691,2014,2014-09-07 16:25:00,1,CAR,TB,AWAY,23,Melvin White,CB,DEF,Y,Y,Y,0
14340,2014,2014-09-07 16:25:00,1,CAR,TB,AWAY,24,Josh Norman,CB,DEF,Y,Y,N,0
16551,2014,2014-09-07 16:25:00,1,CAR,TB,AWAY,25,Bene' Benwikere,CB,DEF,Y,Y,N,0
5451,2014,2014-09-07 16:25:00,1,CAR,TB,AWAY,28,Jonathan Stewart,RB,OFF,Y,Y,N,0
5939,2014,2014-09-07 16:25:00,1,CAR,TB,AWAY,30,Charles Godfrey,CB,DEF,Y,Y,N,0
16552,2014,2014-09-07 16:25:00,1,CAR,TB,AWAY,33,Tre Boston,S,DEF,N,N,N,0
7580,2014,2014-09-07 16:25:00,1,CAR,TB,AWAY,34,DeAngelo Williams,RB,OFF,Y,Y,Y,0
4738,2014,2014-09-07 16:25:00,1,CAR,TB,AWAY,35,Mike Tolbert,FB,OFF,Y,Y,Y,0
734,2014,2014-09-07 16:25:00,1,CAR,TB,AWAY,41,Roman Harper,SS,DEF,Y,Y,Y,0
13442,2014,2014-09-07 16:25:00,1,CAR,TB,AWAY,42,Colin Jones,S,DEF,Y,Y,N,0
15616,2014,2014-09-07 16:25:00,1,CAR,TB,AWAY,43,Fozzy Whittaker,RB,OFF,Y,Y,N,0
9162,2014,2014-09-07 16:25:00,1,CAR,TB,AWAY,44,JJ Jansen,LS,ST,Y,Y,N,0
13653,2014,2014-09-07 16:25:00,1,CAR,TB,AWAY,47,Richie Brockel,FB,OFF,Y,Y,N,0
15703,2014,2014-09-07 16:25:00,1,CAR,TB,AWAY,53,Ben Jacobs,LB,DEF,Y,Y,N,0
12445,2014,2014-09-07 16:25:00,1,CAR,TB,AWAY,54,Jason Williams,LB,DEF,Y,Y,N,0
15186,2014,2014-09-07 16:25:00,1,CAR,TB,AWAY,56,AJ Klein,OLB,DEF,Y,Y,Y,0
4895,2014,2014-09-07 16:25:00,1,CAR,TB,AWAY,58,Thomas Davis,OLB,DEF,Y,Y,Y,0
14338,2014,2014-09-07 16:25:00,1,CAR,TB,AWAY,59,Luke Kuechly,ILB,DEF,Y,Y,Y,0
16556,2014,2014-09-07 16:25:00,1,CAR,TB,AWAY,63,David Foucault,OT,OFF,N,N,N,0
15884,2014,2014-09-07 16:25:00,1,CAR,TB,AWAY,64,Brian Folkerts,C,OFF,Y,Y,N,0
9174,2014,2014-09-07 16:25:00,1,CAR,TB,AWAY,65,Garry Williams,OT,OFF,Y,Y,N,0
14345,2014,2014-09-07 16:25:00,1,CAR,TB,AWAY,66,Amini Silatolu,LG,OFF,Y,Y,Y,0
423,2014,2014-09-07 16:25:00,1,CAR,TB,AWAY,67,Ryan Kalil,C,OFF,Y,Y,Y,0
16560,2014,2014-09-07 16:25:00,1,CAR,TB,AWAY,68,Andrew Norwell,G,OFF,N,N,N,0
16563,2014,2014-09-07 16:25:00,1,CAR,TB,AWAY,70,Trai Turner,G,OFF,Y,Y,N,0
8563,2014,2014-09-07 16:25:00,1,CAR,TB,AWAY,75,Fernando Velasco,RG,OFF,Y,Y,Y,0
11455,2014,2014-09-07 16:25:00,1,CAR,TB,AWAY,76,Greg Hardy,DE,DEF,Y,Y,Y,0
13310,2014,2014-09-07 16:25:00,1,CAR,TB,AWAY,77,Byron Bell,LT,OFF,Y,Y,Y,0
14745,2014,2014-09-07 16:25:00,1,CAR,TB,AWAY,78,Nate Chandler,RT,OFF,Y,Y,Y,0
1986,2014,2014-09-07 16:25:00,1,CAR,TB,AWAY,81,Jason Avant,WR,OFF,Y,Y,N,0
4104,2014,2014-09-07 16:25:00,1,CAR,TB,AWAY,82,Jerricho Cotchery,WR,OFF,Y,Y,Y,0
12153,2014,2014-09-07 16:25:00,1,CAR,TB,AWAY,84,Ed Dickson,TE,OFF,Y,Y,N,0
15561,2014,2014-09-07 16:25:00,1,CAR,TB,AWAY,86,Brandon Williams,TE,OFF,N,N,N,0
15561,2014,2014-09-07 16:25:00,1,CAR,TB,AWAY,86,Brandon Williams,TE,OFF,N,N,N,0
1658,2014,2014-09-07 16:25:00,1,CAR,TB,AWAY,88,Greg Olsen,TE,OFF,Y,Y,Y,0
9363,2014,2014-09-07 16:25:00,1,CAR,TB,AWAY,91,Colin Cole,DT,DEF,Y,Y,Y,0
11646,2014,2014-09-07 16:25:00,1,CAR,TB,AWAY,92,Dwan Edwards,DT,DEF,Y,Y,N,0
2261,2014,2014-09-07 16:25:00,1,CAR,TB,AWAY,93,Chase Blackburn,LB,DEF,Y,Y,N,0
16555,2014,2014-09-07 16:25:00,1,CAR,TB,AWAY,94,Kony Ealy,DE,DEF,N,N,N,0
1061,2014,2014-09-07 16:25:00,1,CAR,TB,AWAY,95,Charles Johnson,DE,DEF,Y,Y,Y,0
4175,2014,2014-09-07 16:25:00,1,CAR,TB,AWAY,96,Wes Horton,DE,DEF,Y,Y,N,0
13181,2014,2014-09-07 16:25:00,1,CAR,TB,AWAY,97,Mario Addison,DE,DEF,Y,Y,N,0
15188,2014,2014-09-07 16:25:00,1,CAR,TB,AWAY,98,Star Lotulelei,DT,DEF,Y,Y,Y,0
15189,2014,2014-09-07 16:25:00,1,CAR,TB,AWAY,99,Kawann Short,DT,DEF,Y,Y,N,0
8972,2014,2014-09-07 13:00:00,1,CHI,BUF,HOME,6,Jay Cutler,QB,OFF,Y,Y,Y,49
11447,2014,2014-09-07 13:00:00,1,CHI,BUF,HOME,8,Jimmy Clausen,QB,OFF,Y,N,N,0
1410,2014,2014-09-07 13:00:00,1,CHI,BUF,HOME,9,Robbie Gould,K,ST,Y,Y,N,0
16430,2014,2014-09-07 13:00:00,1,CHI,BUF,HOME,12,David Fales,QB,OFF,N,N,N,0
11697,2014,2014-09-07 13:00:00,1,CHI,BUF,HOME,14,Santonio Holmes,WR,OFF,Y,Y,N,0
11667,2014,2014-09-07 13:00:00,1,CHI,BUF,HOME,15,Brandon Marshall,WR,OFF,Y,Y,Y,0
11667,2014,2014-09-07 13:00:00,1,CHI,BUF,HOME,15,Brandon Marshall,WR,OFF,Y,Y,Y,0
16438,2014,2014-09-07 13:00:00,1,CHI,BUF,HOME,16,Pat O'Donnell,P,ST,Y,Y,N,0
14187,2014,2014-09-07 13:00:00,1,CHI,BUF,HOME,17,Alshon Jeffery,WR,OFF,Y,Y,Y,0
10412,2014,2014-09-07 13:00:00,1,CHI,BUF,HOME,18,Micheal Spurlock,WR,OFF,Y,Y,N,0
5537,2014,2014-09-07 13:00:00,1,CHI,BUF,HOME,19,Josh Morgan,WR,OFF,Y,Y,Y,0
13158,2014,2014-09-07 13:00:00,1,CHI,BUF,HOME,20,Shaun Draughn,RB,OFF,Y,Y,N,0
8515,2014,2014-09-07 13:00:00,1,CHI,BUF,HOME,21,Ryan Mundy,SS,DEF,Y,Y,Y,0
2699,2014,2014-09-07 13:00:00,1,CHI,BUF,HOME,22,Matt Forte,RB,OFF,Y,Y,Y,0
16432,2014,2014-09-07 13:00:00,1,CHI,BUF,HOME,23,Kyle Fuller,CB,DEF,Y,Y,N,0
2664,2014,2014-09-07 13:00:00,1,CHI,BUF,HOME,24,Kelvin Hayden,CB,DEF,N,N,N,0
16427,2014,2014-09-07 13:00:00,1,CHI,BUF,HOME,25,Ka'Deem Carey,RB,OFF,Y,Y,N,0
11974,2014,2014-09-07 13:00:00,1,CHI,BUF,HOME,26,Tim Jennings,CB,DEF,Y,Y,Y,0
11107,2014,2014-09-07 13:00:00,1,CHI,BUF,HOME,27,Sherrick McManis,CB,DEF,Y,Y,N,0
11279,2014,2014-09-07 13:00:00,1,CHI,BUF,HOME,29,Danny McCray,S,DEF,Y,Y,N,0
15105,2014,2014-09-07 13:00:00,1,CHI,BUF,HOME,30,Demontre Hurst,CB,DEF,Y,Y,N,0
16441,2014,2014-09-07 13:00:00,1,CHI,BUF,HOME,32,Senorise Perry,RB,OFF,Y,Y,N,0
4819,2014,2014-09-07 13:00:00,1,CHI,BUF,HOME,33,Charles Tillman,CB,DEF,Y,Y,Y,0
9151,2014,2014-09-07 13:00:00,1,CHI,BUF,HOME,43,Tony Fiammetta,FB,OFF,N,N,N,0
8637,2014,2014-09-07 13:00:00,1,CHI,BUF,HOME,44,Jeremy Cain,LS,ST,Y,Y,N,0
16446,2014,2014-09-07 13:00:00,1,CHI,BUF,HOME,45,Brock Vereen,S,DEF,Y,Y,N,0
13188,2014,2014-09-07 13:00:00,1,CHI,BUF,HOME,47,Chris Conte,FS,DEF,Y,Y,Y,0
14189,2014,2014-09-07 13:00:00,1,CHI,BUF,HOME,50,Shea McClellin,OLB,DEF,Y,Y,Y,0
15114,2014,2014-09-07 13:00:00,1,CHI,BUF,HOME,52,Khaseem Greene,LB,DEF,N,N,N,0
3817,2014,2014-09-07 13:00:00,1,CHI,BUF,HOME,55,Lance Briggs,OLB,DEF,Y,Y,Y,0
15113,2014,2014-09-07 13:00:00,1,CHI,BUF,HOME,57,Jon Bostic,LB,DEF,Y,Y,N,0
7491,2014,2014-09-07 13:00:00,1,CHI,BUF,HOME,58,DJ Williams,ILB,DEF,Y,Y,Y,0
16434,2014,2014-09-07 13:00:00,1,CHI,BUF,HOME,59,Christian Jones,LB,DEF,Y,Y,N,0
2095,2014,2014-09-07 13:00:00,1,CHI,BUF,HOME,63,Roberto Garza,C,OFF,Y,Y,Y,0
13662,2014,2014-09-07 13:00:00,1,CHI,BUF,HOME,64,Brian DeLaPuente,C,OFF,Y,Y,N,0
15116,2014,2014-09-07 13:00:00,1,CHI,BUF,HOME,67,Jordan Mills,RT,OFF,Y,Y,Y,0
8419,2014,2014-09-07 13:00:00,1,CHI,BUF,HOME,68,Matt Slauson,LG,OFF,Y,Y,Y,0
622,2014,2014-09-07 13:00:00,1,CHI,BUF,HOME,69,Jared Allen,DE,DEF,Y,Y,Y,0
16025,2014,2014-09-07 13:00:00,1,CHI,BUF,HOME,70,Michael Ola,OL,OFF,Y,Y,N,0
16436,2014,2014-09-07 13:00:00,1,CHI,BUF,HOME,72,Charles Leno,OT,OFF,N,N,N,0
7098,2014,2014-09-07 13:00:00,1,CHI,BUF,HOME,74,Jermon Bushrod,LT,OFF,Y,Y,Y,0
15115,2014,2014-09-07 13:00:00,1,CHI,BUF,HOME,75,Kyle Long,RG,OFF,Y,Y,Y,0
1171,2014,2014-09-07 13:00:00,1,CHI,BUF,HOME,76,Trevor Scott,DE,DEF,Y,Y,N,0
1181,2014,2014-09-07 13:00:00,1,CHI,BUF,HOME,83,Martellus Bennett,TE,OFF,Y,Y,Y,0
9671,2014,2014-09-07 13:00:00,1,CHI,BUF,HOME,85,Matthew Mulligan,TE,OFF,Y,Y,N,0
2332,2014,2014-09-07 13:00:00,1,CHI,BUF,HOME,88,Dante Rosario,TE,OFF,Y,Y,N,0
4517,2014,2014-09-07 13:00:00,1,CHI,BUF,HOME,90,Jay Ratliff,DT,DEF,Y,Y,Y,0
15065,2014,2014-09-07 13:00:00,1,CHI,BUF,HOME,91,David Bass,DE,DEF,N,N,N,0
13202,2014,2014-09-07 13:00:00,1,CHI,BUF,HOME,92,Stephen Paea,NT,DEF,Y,Y,Y,0
16444,2014,2014-09-07 13:00:00,1,CHI,BUF,HOME,93,Will Sutton,DT,DEF,Y,Y,N,0
15117,2014,2014-09-07 13:00:00,1,CHI,BUF,HOME,94,Cornelius Washington,DE,DEF,N,N,N,0
16431,2014,2014-09-07 13:00:00,1,CHI,BUF,HOME,95,Ego Ferguson,DT,DEF,Y,Y,N,0
11384,2014,2014-09-07 13:00:00,1,CHI,BUF,HOME,97,Willie Young,DE,DEF,Y,Y,N,0
11234,2014,2014-09-07 13:00:00,1,CHI,BUF,HOME,99,Lamarr Houston,DE,DEF,Y,Y,Y,0
11735,2014,2014-09-07 13:00:00,1,CIN,BAL,AWAY,2,Mike Nugent,K,ST,Y,Y,N,0
8433,2014,2014-09-07 13:00:00,1,CIN,BAL,AWAY,10,Kevin Huber,P,ST,Y,Y,N,0
13203,2014,2014-09-07 13:00:00,1,CIN,BAL,AWAY,11,Dane Sanzenbacher,WR,OFF,Y,Y,N,0
13878,2014,2014-09-07 13:00:00,1,CIN,BAL,AWAY,12,Mohamed Sanu,WR,OFF,Y,Y,Y,0
12841,2014,2014-09-07 13:00:00,1,CIN,BAL,AWAY,14,Andy Dalton,QB,OFF,Y,Y,Y,38
11859,2014,2014-09-07 13:00:00,1,CIN,BAL,AWAY,17,Jason Campbell,QB,OFF,Y,N,N,0
12845,2014,2014-09-07 13:00:00,1,CIN,BAL,AWAY,18,AJ Green,WR,OFF,Y,Y,Y,0
8373,2014,2014-09-07 13:00:00,1,CIN,BAL,AWAY,19,Brandon Tate,WR,OFF,Y,Y,N,0
12167,2014,2014-09-07 13:00:00,1,CIN,BAL,AWAY,20,Reggie Nelson,FS,DEF,Y,Y,Y,0
16107,2014,2014-09-07 13:00:00,1,CIN,BAL,AWAY,21,Darqueze Dennard,CB,DEF,N,N,N,0
5916,2014,2014-09-07 13:00:00,1,CIN,BAL,AWAY,23,Terence Newman,CB,DEF,Y,Y,Y,0
11731,2014,2014-09-07 13:00:00,1,CIN,BAL,AWAY,24,Adam Jones,CB,DEF,Y,Y,N,0
14916,2014,2014-09-07 13:00:00,1,CIN,BAL,AWAY,25,Giovani Bernard,RB,OFF,Y,Y,Y,0
11590,2014,2014-09-07 13:00:00,1,CIN,BAL,AWAY,26,Taylor Mays,S,DEF,Y,Y,N,0
13871,2014,2014-09-07 13:00:00,1,CIN,BAL,AWAY,27,Dre Kirkpatrick,CB,DEF,Y,Y,N,0
1650,2014,2014-09-07 13:00:00,1,CIN,BAL,AWAY,29,Leon Hall,CB,DEF,Y,Y,Y,0
11737,2014,2014-09-07 13:00:00,1,CIN,BAL,AWAY,30,Cedric Peerman,RB,OFF,Y,Y,N,0
16112,2014,2014-09-07 13:00:00,1,CIN,BAL,AWAY,32,Jeremy Hill,RB,OFF,Y,Y,N,0
14917,2014,2014-09-07 13:00:00,1,CIN,BAL,AWAY,33,Rex Burkhead,RB,OFF,N,N,N,0
14925,2014,2014-09-07 13:00:00,1,CIN,BAL,AWAY,36,Shawn Williams,S,DEF,Y,Y,N,0
15289,2014,2014-09-07 13:00:00,1,CIN,BAL,AWAY,39,Onterio McCalebb,CB,DEF,Y,Y,N,0
13868,2014,2014-09-07 13:00:00,1,CIN,BAL,AWAY,43,George Iloka,SS,DEF,Y,Y,Y,0
12330,2014,2014-09-07 13:00:00,1,CIN,BAL,AWAY,46,Clark Harris,LS,ST,Y,Y,N,0
14910,2014,2014-09-07 13:00:00,1,CIN,BAL,AWAY,51,Jayson DiManche,LB,DEF,Y,Y,N,0
16109,2014,2014-09-07 13:00:00,1,CIN,BAL,AWAY,53,Marquis Flowers,LB,DEF,Y,Y,N,0
13860,2014,2014-09-07 13:00:00,1,CIN,BAL,AWAY,55,Vontaze Burfict,OLB,DEF,Y,Y,Y,0
14924,2014,2014-09-07 13:00:00,1,CIN,BAL,AWAY,56,Sean Porter,LB,DEF,N,N,N,0
12581,2014,2014-09-07 13:00:00,1,CIN,BAL,AWAY,57,Vincent Rey,LB,DEF,Y,Y,N,0
8441,2014,2014-09-07 13:00:00,1,CIN,BAL,AWAY,58,Rey Maualuga,ILB,DEF,Y,Y,Y,0
14750,2014,2014-09-07 13:00:00,1,CIN,BAL,AWAY,59,Emmanuel Lamur,OLB,DEF,Y,Y,Y,0
14923,2014,2014-09-07 13:00:00,1,CIN,BAL,AWAY,60,TJ Johnson,OL,OFF,N,N,N,0
16104,2014,2014-09-07 13:00:00,1,CIN,BAL,AWAY,61,Russell Bodine,C,OFF,Y,Y,Y,0
12838,2014,2014-09-07 13:00:00,1,CIN,BAL,AWAY,65,Clint Boling,LG,OFF,Y,Y,Y,0
2559,2014,2014-09-07 13:00:00,1,CIN,BAL,AWAY,67,Mike Pollak,G,OFF,Y,N,N,0
13882,2014,2014-09-07 13:00:00,1,CIN,BAL,AWAY,68,Kevin Zeitler,RG,OFF,Y,Y,Y,0
8459,2014,2014-09-07 13:00:00,1,CIN,BAL,AWAY,71,Andre Smith,RT,OFF,Y,Y,Y,0
14921,2014,2014-09-07 13:00:00,1,CIN,BAL,AWAY,72,Tanner Hawkinson,OT,OFF,Y,N,N,0
11398,2014,2014-09-07 13:00:00,1,CIN,BAL,AWAY,74,Marshall Newhouse,OT,OFF,Y,Y,N,0
5099,2014,2014-09-07 13:00:00,1,CIN,BAL,AWAY,77,Andrew Whitworth,LT,OFF,Y,Y,Y,0
11751,2014,2014-09-07 13:00:00,1,CIN,BAL,AWAY,81,Alex Smith,TE,OFF,Y,Y,N,0
11751,2014,2014-09-07 13:00:00,1,CIN,BAL,AWAY,81,Alex Smith,TE,OFF,Y,Y,N,0
13870,2014,2014-09-07 13:00:00,1,CIN,BAL,AWAY,82,Marvin Jones,WR,OFF,N,N,N,0
11026,2014,2014-09-07 13:00:00,1,CIN,BAL,AWAY,84,Jermaine Gresham,TE,OFF,Y,Y,Y,0
14918,2014,2014-09-07 13:00:00,1,CIN,BAL,AWAY,85,Tyler Eifert,TE,OFF,Y,Y,Y,0
16122,2014,2014-09-07 13:00:00,1,CIN,BAL,AWAY,86,James Wright,WR,OFF,N,N,N,0
16111,2014,2014-09-07 13:00:00,1,CIN,BAL,AWAY,89,Ryan Hewitt,TE,OFF,Y,Y,N,0
5510,2014,2014-09-07 13:00:00,1,CIN,BAL,AWAY,91,Robert Geathers,DE,DEF,Y,Y,N,0
16105,2014,2014-09-07 13:00:00,1,CIN,BAL,AWAY,93,Will Clarke,DE,DEF,N,N,N,0
5929,2014,2014-09-07 13:00:00,1,CIN,BAL,AWAY,94,Domata Peko,NT,DEF,Y,Y,Y,0
7121,2014,2014-09-07 13:00:00,1,CIN,BAL,AWAY,95,Wallace Gilberry,DE,DEF,Y,Y,Y,0
11023,2014,2014-09-07 13:00:00,1,CIN,BAL,AWAY,96,Carlos Dunlap,DE,DEF,Y,Y,Y,0
11021,2014,2014-09-07 13:00:00,1,CIN,BAL,AWAY,97,Geno Atkins,DT,DEF,Y,Y,Y,0
14709,2014,2014-09-07 13:00:00,1,CIN,BAL,AWAY,98,Brandon Thompson,DT,DEF,Y,Y,N,0
14922,2014,2014-09-07 13:00:00,1,CIN,BAL,AWAY,99,Margus Hunt,DE,DEF,Y,Y,N,0
16135,2014,2014-09-07 13:00:00,1,CLE,PIT,AWAY,2,Johnny Manziel,QB,OFF,Y,N,N,0
15603,2014,2014-09-07 13:00:00,1,CLE,PIT,AWAY,5,Spencer Lanning,P,ST,Y,Y,N,0
8358,2014,2014-09-07 13:00:00,1,CLE,PIT,AWAY,6,Brian Hoyer,QB,OFF,Y,Y,Y,31
10145,2014,2014-09-07 13:00:00,1,CLE,PIT,AWAY,8,Billy Cundiff,K,ST,Y,Y,N,0
13887,2014,2014-09-07 13:00:00,1,CLE,PIT,AWAY,11,Travis Benjamin,WR,OFF,Y,Y,N,0
12847,2014,2014-09-07 13:00:00,1,CLE,PIT,AWAY,16,Andrew Hawkins,WR,OFF,Y,Y,Y,0
14471,2014,2014-09-07 13:00:00,1,CLE,PIT,AWAY,17,LaRon Byrd,WR,OFF,Y,Y,N,0
16129,2014,2014-09-07 13:00:00,1,CLE,PIT,AWAY,18,Taylor Gabriel,WR,OFF,Y,Y,N,0
3330,2014,2014-09-07 13:00:00,1,CLE,PIT,AWAY,19,Miles Austin,WR,OFF,Y,Y,Y,0
16130,2014,2014-09-07 13:00:00,1,CLE,PIT,AWAY,21,Justin Gilbert,DB,DEF,Y,Y,N,0
12881,2014,2014-09-07 13:00:00,1,CLE,PIT,AWAY,22,Buster Skrine,CB,DEF,Y,Y,Y,0
11043,2014,2014-09-07 13:00:00,1,CLE,PIT,AWAY,23,Joe Haden,CB,DEF,Y,Y,Y,0
13886,2014,2014-09-07 13:00:00,1,CLE,PIT,AWAY,24,Johnson Bademosi,DB,DEF,Y,Y,N,0
16128,2014,2014-09-07 13:00:00,1,CLE,PIT,AWAY,26,Pierre Desir,DB,DEF,N,N,N,0
16142,2014,2014-09-07 13:00:00,1,CLE,PIT,AWAY,28,Terrance West,RB,OFF,Y,Y,N,0
8405,2014,2014-09-07 13:00:00,1,CLE,PIT,AWAY,30,Jim Leonhard,DB,DEF,Y,Y,N,0
5442,2014,2014-09-07 13:00:00,1,CLE,PIT,AWAY,31,Donte Whitner,SS,DEF,Y,Y,Y,0
14860,2014,2014-09-07 13:00:00,1,CLE,PIT,AWAY,33,Jordan Poyer,DB,DEF,Y,Y,N,0
16127,2014,2014-09-07 13:00:00,1,CLE,PIT,AWAY,34,Isaiah Crowell,RB,OFF,Y,Y,N,0
16143,2014,2014-09-07 13:00:00,1,CLE,PIT,AWAY,36,K'Waun Williams,DB,DEF,Y,Y,N,0
12187,2014,2014-09-07 13:00:00,1,CLE,PIT,AWAY,38,Aaron Berry,DB,DEF,Y,Y,N,0
13894,2014,2014-09-07 13:00:00,1,CLE,PIT,AWAY,39,Tashaun Gipson,FS,DEF,Y,Y,Y,0
16740,2014,2014-09-07 13:00:00,1,CLE,PIT,AWAY,41,Glenn Winston,RB,OFF,N,N,N,0
16137,2014,2014-09-07 13:00:00,1,CLE,PIT,AWAY,42,Robert Nelson,DB,DEF,N,N,N,0
13557,2014,2014-09-07 13:00:00,1,CLE,PIT,AWAY,44,Ben Tate,RB,OFF,Y,Y,Y,0
16123,2014,2014-09-07 13:00:00,1,CLE,PIT,AWAY,48,Ray Agnew,FB,OFF,Y,Y,Y,0
14949,2014,2014-09-07 13:00:00,1,CLE,PIT,AWAY,51,Barkevious Mingo,OLB,DEF,Y,Y,Y,0
15863,2014,2014-09-07 13:00:00,1,CLE,PIT,AWAY,52,Eric Martin,LB,DEF,N,N,N,0
14711,2014,2014-09-07 13:00:00,1,CLE,PIT,AWAY,53,Craig Robertson,OLB,DEF,Y,Y,Y,0
8485,2014,2014-09-07 13:00:00,1,CLE,PIT,AWAY,55,Alex Mack,C,OFF,Y,Y,Y,0
11658,2014,2014-09-07 13:00:00,1,CLE,PIT,AWAY,56,Karlos Dansby,ILB,DEF,Y,Y,Y,0
13372,2014,2014-09-07 13:00:00,1,CLE,PIT,AWAY,57,Christian Yount,LS,ST,Y,Y,N,0
16133,2014,2014-09-07 13:00:00,1,CLE,PIT,AWAY,58,Christian Kirksey,LB,DEF,Y,Y,N,0
13758,2014,2014-09-07 13:00:00,1,CLE,PIT,AWAY,59,Tank Carder,LB,DEF,Y,Y,N,0
15258,2014,2014-09-07 13:00:00,1,CLE,PIT,AWAY,62,Ryan Seymour,OL,OFF,Y,Y,N,0
13843,2014,2014-09-07 13:00:00,1,CLE,PIT,AWAY,67,Ishmaa'ily Kitchen,DL,DEF,Y,Y,N,0
15039,2014,2014-09-07 13:00:00,1,CLE,PIT,AWAY,69,Vinston Painter,OL,OFF,Y,N,N,0
4096,2014,2014-09-07 13:00:00,1,CLE,PIT,AWAY,71,Ahtyba Rubin,NT,DEF,Y,Y,Y,0
13905,2014,2014-09-07 13:00:00,1,CLE,PIT,AWAY,72,Mitchell Schwartz,RT,OFF,Y,Y,Y,0
8135,2014,2014-09-07 13:00:00,1,CLE,PIT,AWAY,73,Joe Thomas,LT,OFF,Y,Y,Y,0
12225,2014,2014-09-07 13:00:00,1,CLE,PIT,AWAY,74,Paul McQuistan,OL,OFF,N,N,N,0
16125,2014,2014-09-07 13:00:00,1,CLE,PIT,AWAY,75,Joel Bitonio,LG,OFF,Y,Y,Y,0
7815,2014,2014-09-07 13:00:00,1,CLE,PIT,AWAY,77,John Greco,RG,OFF,Y,Y,Y,0
11555,2014,2014-09-07 13:00:00,1,CLE,PIT,AWAY,81,Jim Dray,TE,OFF,Y,Y,N,0
4577,2014,2014-09-07 13:00:00,1,CLE,PIT,AWAY,82,Gary Barnidge,TE,OFF,Y,Y,N,0
12861,2014,2014-09-07 13:00:00,1,CLE,PIT,AWAY,84,Jordan Cameron,TE,OFF,Y,Y,Y,0
13911,2014,2014-09-07 13:00:00,1,CLE,PIT,AWAY,90,Billy Winn,DE,DEF,Y,Y,Y,0
9827,2014,2014-09-07 13:00:00,1,CLE,PIT,AWAY,92,Desmond Bryant,DL,DEF,N,N,N,0
13896,2014,2014-09-07 13:00:00,1,CLE,PIT,AWAY,93,John Hughes,DL,DEF,N,N,N,0
14946,2014,2014-09-07 13:00:00,1,CLE,PIT,AWAY,95,Armonty Bryant,DL,DEF,Y,Y,N,0
12880,2014,2014-09-07 13:00:00,1,CLE,PIT,AWAY,97,Jabaal Sheard,LB,DEF,Y,Y,N,0
12885,2014,2014-09-07 13:00:00,1,CLE,PIT,AWAY,98,Phil Taylor,DE,DEF,Y,Y,Y,0
9801,2014,2014-09-07 13:00:00,1,CLE,PIT,AWAY,99,Paul Kruger,OLB,DEF,Y,Y,Y,0
13910,2014,2014-09-07 16:25:00,1,DAL,SF,HOME,3,Brandon Weeden,QB,OFF,Y,N,N,0
13109,2014,2014-09-07 16:25:00,1,DAL,SF,HOME,5,Dan Bailey,K,ST,Y,Y,N,0
13119,2014,2014-09-07 16:25:00,1,DAL,SF,HOME,6,Chris Jones,P,ST,Y,Y,N,0
13119,2014,2014-09-07 16:25:00,1,DAL,SF,HOME,6,Chris Jones,P,ST,Y,Y,N,0
3867,2014,2014-09-07 16:25:00,1,DAL,SF,HOME,9,Tony Romo,QB,OFF,Y,Y,Y,37
16382,2014,2014-09-07 16:25:00,1,DAL,SF,HOME,10,Dustin Vaughan,QB,OFF,N,N,N,0
14141,2014,2014-09-07 16:25:00,1,DAL,SF,HOME,11,Cole Beasley,WR,OFF,Y,Y,N,0
16381,2014,2014-09-07 16:25:00,1,DAL,SF,HOME,15,Devin Street,WR,OFF,Y,Y,N,0
13117,2014,2014-09-07 16:25:00,1,DAL,SF,HOME,17,Dwayne Harris,WR,OFF,Y,Y,N,0
16372,2014,2014-09-07 16:25:00,1,DAL,SF,HOME,20,Tyler Patmon,CB,DEF,Y,Y,N,0
15085,2014,2014-09-07 16:25:00,1,DAL,SF,HOME,21,Joseph Randle,RB,OFF,Y,Y,N,0
14144,2014,2014-09-07 16:25:00,1,DAL,SF,HOME,24,Morris Claiborne,CB,DEF,Y,Y,Y,0
14731,2014,2014-09-07 16:25:00,1,DAL,SF,HOME,25,Lance Dunbar,RB,OFF,Y,Y,N,0
13070,2014,2014-09-07 16:25:00,1,DAL,SF,HOME,26,Sterling Moore,CB,DEF,Y,Y,N,0
15087,2014,2014-09-07 16:25:00,1,DAL,SF,HOME,27,JJ Wilcox,FS,DEF,Y,Y,Y,0
13124,2014,2014-09-07 16:25:00,1,DAL,SF,HOME,29,DeMarco Murray,RB,OFF,Y,Y,Y,0
12387,2014,2014-09-07 16:25:00,1,DAL,SF,HOME,37,CJ Spillman,S,DEF,Y,Y,N,0
15576,2014,2014-09-07 16:25:00,1,DAL,SF,HOME,38,Jeff Heath,S,DEF,Y,Y,N,0
2760,2014,2014-09-07 16:25:00,1,DAL,SF,HOME,39,Brandon Carr,CB,DEF,Y,Y,Y,0
11271,2014,2014-09-07 16:25:00,1,DAL,SF,HOME,42,Barry Church,SS,DEF,Y,Y,Y,0
13527,2014,2014-09-07 16:25:00,1,DAL,SF,HOME,44,Tyler Clutts,FB,OFF,Y,Y,N,0
14167,2014,2014-09-07 16:25:00,1,DAL,SF,HOME,51,Kyle Wilber,LB,DEF,Y,Y,N,0
4992,2014,2014-09-07 16:25:00,1,DAL,SF,HOME,52,Justin Durant,OLB,DEF,Y,Y,Y,0
15579,2014,2014-09-07 16:25:00,1,DAL,SF,HOME,53,Cameron Lawrence,LB,DEF,Y,Y,N,0
13112,2014,2014-09-07 16:25:00,1,DAL,SF,HOME,54,Bruce Carter,OLB,DEF,Y,Y,Y,0
12253,2014,2014-09-07 16:25:00,1,DAL,SF,HOME,55,Rolando McClain,ILB,DEF,Y,Y,Y,0
8003,2014,2014-09-07 16:25:00,1,DAL,SF,HOME,56,Korey Toomer,LB,DEF,N,N,N,0
14096,2014,2014-09-07 16:25:00,1,DAL,SF,HOME,58,Jack Crawford,DE,DEF,N,N,N,0
16364,2014,2014-09-07 16:25:00,1,DAL,SF,HOME,59,Anthony Hitchens,LB,DEF,Y,Y,N,0
16359,2014,2014-09-07 16:25:00,1,DAL,SF,HOME,60,Davon Coleman,DT,DEF,Y,Y,Y,0
14826,2014,2014-09-07 16:25:00,1,DAL,SF,HOME,65,Ronald Leary,LG,OFF,Y,Y,Y,0
16356,2014,2014-09-07 16:25:00,1,DAL,SF,HOME,66,Ken Bishop,NT,DEF,Y,Y,N,0
3338,2014,2014-09-07 16:25:00,1,DAL,SF,HOME,68,Doug Free,RT,OFF,Y,Y,Y,0
11357,2014,2014-09-07 16:25:00,1,DAL,SF,HOME,69,Henry Melton,DT,DEF,Y,Y,N,0
16369,2014,2014-09-07 16:25:00,1,DAL,SF,HOME,70,Zack Martin,RG,OFF,Y,Y,Y,0
15970,2014,2014-09-07 16:25:00,1,DAL,SF,HOME,71,Donald Hawkins,OT,OFF,N,N,N,0
15083,2014,2014-09-07 16:25:00,1,DAL,SF,HOME,72,Travis Frederick,C,OFF,Y,Y,Y,0
9138,2014,2014-09-07 16:25:00,1,DAL,SF,HOME,73,Mackenzy Bernadeau,G,OFF,Y,Y,N,0
14790,2014,2014-09-07 16:25:00,1,DAL,SF,HOME,75,Darrion Weems,OT,OFF,N,N,N,0
13129,2014,2014-09-07 16:25:00,1,DAL,SF,HOME,77,Tyron Smith,LT,OFF,Y,Y,Y,0
12360,2014,2014-09-07 16:25:00,1,DAL,SF,HOME,78,Jermey Parnell,OT,OFF,Y,Y,N,0
722,2014,2014-09-07 16:25:00,1,DAL,SF,HOME,82,Jason Witten,TE,OFF,Y,Y,Y,0
15088,2014,2014-09-07 16:25:00,1,DAL,SF,HOME,83,Terrance Williams,WR,OFF,Y,Y,Y,0
14152,2014,2014-09-07 16:25:00,1,DAL,SF,HOME,84,James Hanna,TE,OFF,Y,Y,Y,0
11270,2014,2014-09-07 16:25:00,1,DAL,SF,HOME,88,Dez Bryant,WR,OFF,Y,Y,Y,0
15082,2014,2014-09-07 16:25:00,1,DAL,SF,HOME,89,Gavin Escobar,TE,OFF,Y,Y,N,0
5668,2014,2014-09-07 16:25:00,1,DAL,SF,HOME,91,LP Ladouceur,LS,ST,Y,Y,N,0
6990,2014,2014-09-07 16:25:00,1,DAL,SF,HOME,92,Jeremy Mincey,DE,DEF,Y,Y,Y,0
4080,2014,2014-09-07 16:25:00,1,DAL,SF,HOME,93,Anthony Spencer,DE,DEF,N,N,N,0
14976,2014,2014-09-07 16:25:00,1,DAL,SF,HOME,95,Lavar Edwards,DE,DEF,Y,Y,N,0
9157,2014,2014-09-07 16:25:00,1,DAL,SF,HOME,96,Nick Hayden,DT,DEF,Y,Y,Y,0
13319,2014,2014-09-07 16:25:00,1,DAL,SF,HOME,97,Terrell McClain,DT,DEF,N,N,N,0
14146,2014,2014-09-07 16:25:00,1,DAL,SF,HOME,98,Tyrone Crawford,DE,DEF,Y,Y,Y,0
12293,2014,2014-09-07 16:25:00,1,DAL,SF,HOME,99,George Selvie,DE,DEF,Y,Y,N,0
8679,2014,2014-09-07 20:30:00,1,DEN,IND,HOME,4,Britton Colquitt,P,ST,Y,Y,N,0
14996,2014,2014-09-07 20:30:00,1,DEN,IND,HOME,8,Brandon McManus,K,ST,Y,Y,N,0
11063,2014,2014-09-07 20:30:00,1,DEN,IND,HOME,10,Emmanuel Sanders,WR,OFF,Y,Y,Y,0
3989,2014,2014-09-07 20:30:00,1,DEN,IND,HOME,12,Andre Caldwell,WR,OFF,Y,Y,N,0
14720,2014,2014-09-07 20:30:00,1,DEN,IND,HOME,13,Nathan Palmer,WR,OFF,N,N,N,0
16278,2014,2014-09-07 20:30:00,1,DEN,IND,HOME,14,Cody Latimer,WR,OFF,Y,Y,N,0
14053,2014,2014-09-07 20:30:00,1,DEN,IND,HOME,17,Brock Osweiler,QB,OFF,Y,N,N,0
7328,2014,2014-09-07 20:30:00,1,DEN,IND,HOME,18,Peyton Manning,QB,OFF,Y,Y,Y,36
16274,2014,2014-09-07 20:30:00,1,DEN,IND,HOME,19,Isaiah Burse,WR,OFF,Y,Y,N,0
4701,2014,2014-09-07 20:30:00,1,DEN,IND,HOME,21,Aqib Talib,CB,DEF,Y,Y,Y,0
15020,2014,2014-09-07 20:30:00,1,DEN,IND,HOME,22,CJ Anderson,RB,OFF,Y,Y,N,0
14046,2014,2014-09-07 20:30:00,1,DEN,IND,HOME,23,Ronnie Hillman,RB,OFF,N,N,N,0
13018,2014,2014-09-07 20:30:00,1,DEN,IND,HOME,25,Chris Harris,CB,DEF,Y,Y,Y,0
13024,2014,2014-09-07 20:30:00,1,DEN,IND,HOME,26,Rahim Moore,FS,DEF,Y,Y,Y,0
15036,2014,2014-09-07 20:30:00,1,DEN,IND,HOME,28,Montee Ball,RB,OFF,Y,Y,Y,0
16283,2014,2014-09-07 20:30:00,1,DEN,IND,HOME,29,Bradley Roby,CB,DEF,Y,Y,N,0
8675,2014,2014-09-07 20:30:00,1,DEN,IND,HOME,30,David Bruton,S,DEF,Y,Y,N,0
14041,2014,2014-09-07 20:30:00,1,DEN,IND,HOME,31,Omar Bolden,CB,DEF,Y,Y,N,0
12636,2014,2014-09-07 20:30:00,1,DEN,IND,HOME,32,Tony Carter,CB,DEF,Y,Y,N,0
15041,2014,2014-09-07 20:30:00,1,DEN,IND,HOME,36,Kayvon Webster,CB,DEF,N,N,N,0
13008,2014,2014-09-07 20:30:00,1,DEN,IND,HOME,38,Quinton Carter,S,DEF,Y,Y,N,0
16287,2014,2014-09-07 20:30:00,1,DEN,IND,HOME,40,Juwan Thompson,RB,OFF,Y,Y,N,0
11054,2014,2014-09-07 20:30:00,1,DEN,IND,HOME,43,TJ Ward,SS,DEF,Y,Y,Y,0
14042,2014,2014-09-07 20:30:00,1,DEN,IND,HOME,46,Aaron Brewer,LS,ST,Y,Y,N,0
16280,2014,2014-09-07 20:30:00,1,DEN,IND,HOME,52,Corey Nelson,LB,DEF,Y,Y,N,0
14049,2014,2014-09-07 20:30:00,1,DEN,IND,HOME,53,Steven Johnson,LB,DEF,Y,Y,N,0
14032,2014,2014-09-07 20:30:00,1,DEN,IND,HOME,54,Brandon Marshall,OLB,DEF,Y,Y,Y,0
14032,2014,2014-09-07 20:30:00,1,DEN,IND,HOME,54,Brandon Marshall,OLB,DEF,Y,Y,Y,0
15029,2014,2014-09-07 20:30:00,1,DEN,IND,HOME,55,Lerentee McCray,LB,DEF,Y,Y,N,0
13019,2014,2014-09-07 20:30:00,1,DEN,IND,HOME,56,Nate Irving,ILB,DEF,Y,Y,Y,0
16272,2014,2014-09-07 20:30:00,1,DEN,IND,HOME,57,Lamin Barrow,LB,DEF,Y,Y,N,0
13022,2014,2014-09-07 20:30:00,1,DEN,IND,HOME,58,Von Miller,OLB,DEF,Y,Y,Y,0
14057,2014,2014-09-07 20:30:00,1,DEN,IND,HOME,59,Danny Trevathan,LB,DEF,N,N,N,0
15666,2014,2014-09-07 20:30:00,1,DEN,IND,HOME,63,Ben Garland,G,OFF,N,N,N,0
3765,2014,2014-09-07 20:30:00,1,DEN,IND,HOME,64,Will Montgomery,C,OFF,Y,Y,N,0
8820,2014,2014-09-07 20:30:00,1,DEN,IND,HOME,65,Louis Vasquez,RG,OFF,Y,Y,Y,0
4951,2014,2014-09-07 20:30:00,1,DEN,IND,HOME,66,Manny Ramirez,C,OFF,Y,Y,Y,0
15667,2014,2014-09-07 20:30:00,1,DEN,IND,HOME,71,Paul Cornick,OT,OFF,Y,Y,N,0
13012,2014,2014-09-07 20:30:00,1,DEN,IND,HOME,74,Orlando Franklin,LG,OFF,Y,Y,Y,0
12179,2014,2014-09-07 20:30:00,1,DEN,IND,HOME,75,Chris Clark,RT,OFF,Y,Y,Y,0
13136,2014,2014-09-07 20:30:00,1,DEN,IND,HOME,76,Marvin Austin,DT,DEF,Y,Y,N,0
3209,2014,2014-09-07 20:30:00,1,DEN,IND,HOME,78,Ryan Clady,LT,OFF,Y,Y,Y,0
16284,2014,2014-09-07 20:30:00,1,DEN,IND,HOME,79,Michael Schofield,OL,OFF,N,N,N,0
13027,2014,2014-09-07 20:30:00,1,DEN,IND,HOME,80,Julius Thomas,TE,OFF,Y,Y,Y,0
852,2014,2014-09-07 20:30:00,1,DEN,IND,HOME,84,Jacob Tamme,TE,OFF,Y,Y,N,0
13016,2014,2014-09-07 20:30:00,1,DEN,IND,HOME,85,Virgil Green,TE,OFF,Y,Y,Y,0
11197,2014,2014-09-07 20:30:00,1,DEN,IND,HOME,88,Demaryius Thomas,WR,OFF,Y,Y,Y,0
15042,2014,2014-09-07 20:30:00,1,DEN,IND,HOME,92,Sylvester Williams,DT,DEF,Y,Y,Y,0
15040,2014,2014-09-07 20:30:00,1,DEN,IND,HOME,93,Quanterus Smith,DE,DEF,Y,Y,N,0
4877,2014,2014-09-07 20:30:00,1,DEN,IND,HOME,94,Demarcus Ware,DE,DEF,Y,Y,Y,0
14059,2014,2014-09-07 20:30:00,1,DEN,IND,HOME,95,Derek Wolfe,DE,DEF,Y,Y,Y,0
13576,2014,2014-09-07 20:30:00,1,DEN,IND,HOME,96,Mitch Unrein,DT,DEF,N,N,N,0
14048,2014,2014-09-07 20:30:00,1,DEN,IND,HOME,97,Malik Jackson,DE,DEF,Y,Y,N,0
8650,2014,2014-09-07 20:30:00,1,DEN,IND,HOME,98,Terrance Knighton,NT,DEF,Y,Y,Y,0
16453,2014,2014-09-08 19:10:00,1,DET,NYG,HOME,3,Nate Freese,K,ST,Y,Y,N,0
15125,2014,2014-09-08 19:10:00,1,DET,NYG,HOME,6,Sam Martin,P,ST,Y,Y,N,0
8590,2014,2014-09-08 19:10:00,1,DET,NYG,HOME,8,Dan Orlovsky,QB,OFF,Y,N,N,0
9038,2014,2014-09-08 19:10:00,1,DET,NYG,HOME,9,Matthew Stafford,QB,OFF,Y,Y,Y,32
15123,2014,2014-09-08 19:10:00,1,DET,NYG,HOME,10,Corey Fuller,WR,OFF,Y,Y,N,0
8846,2014,2014-09-08 19:10:00,1,DET,NYG,HOME,11,Kevin Ogletree,WR,OFF,N,N,N,0
14787,2014,2014-09-08 19:10:00,1,DET,NYG,HOME,12,Jeremy Ross,WR,OFF,Y,Y,Y,0
11611,2014,2014-09-08 19:10:00,1,DET,NYG,HOME,15,Golden Tate,WR,OFF,Y,Y,Y,0
14219,2014,2014-09-08 19:10:00,1,DET,NYG,HOME,17,Kellen Moore,QB,OFF,N,N,N,0
4640,2014,2014-09-08 19:10:00,1,DET,NYG,HOME,21,Reggie Bush,RB,OFF,Y,Y,Y,0
15127,2014,2014-09-08 19:10:00,1,DET,NYG,HOME,23,Darius Slay,CB,DEF,Y,Y,Y,0
16449,2014,2014-09-08 19:10:00,1,DET,NYG,HOME,24,Jerome Couplin III,S,DEF,Y,Y,N,0
15126,2014,2014-09-08 19:10:00,1,DET,NYG,HOME,25,Theo Riddick,RB,OFF,Y,Y,N,0
11154,2014,2014-09-08 19:10:00,1,DET,NYG,HOME,26,Don Carey,S,DEF,N,N,N,0
8593,2014,2014-09-08 19:10:00,1,DET,NYG,HOME,27,Glover Quin,FS,DEF,Y,Y,Y,0
14201,2014,2014-09-08 19:10:00,1,DET,NYG,HOME,28,Bill Bentley,CB,DEF,Y,Y,N,0
11199,2014,2014-09-08 19:10:00,1,DET,NYG,HOME,29,Cassius Vaughn,CB,DEF,Y,Y,N,0
3242,2014,2014-09-08 19:10:00,1,DET,NYG,HOME,31,Rashean Mathis,CB,DEF,Y,Y,Y,0
6310,2014,2014-09-08 19:10:00,1,DET,NYG,HOME,32,James Ihedigbo,S,DEF,N,N,N,0
6295,2014,2014-09-08 19:10:00,1,DET,NYG,HOME,34,Montell Owens,FB,OFF,Y,Y,N,0
12323,2014,2014-09-08 19:10:00,1,DET,NYG,HOME,35,Joique Bell,RB,OFF,Y,Y,N,0
13330,2014,2014-09-08 19:10:00,1,DET,NYG,HOME,42,Isa Abdul-Quddus,SS,DEF,Y,Y,Y,0
16457,2014,2014-09-08 19:10:00,1,DET,NYG,HOME,43,Nevin Lawson,CB,DEF,Y,Y,N,0
13661,2014,2014-09-08 19:10:00,1,DET,NYG,HOME,45,Jed Collins,FB,OFF,Y,Y,N,0
6300,2014,2014-09-08 19:10:00,1,DET,NYG,HOME,48,Don Muhlbach,LS,ST,Y,Y,N,0
14215,2014,2014-09-08 19:10:00,1,DET,NYG,HOME,50,Travis Lewis,LB,DEF,Y,Y,N,0
4051,2014,2014-09-08 19:10:00,1,DET,NYG,HOME,51,Dominic Raiola,C,OFF,Y,Y,Y,0
11937,2014,2014-09-08 19:10:00,1,DET,NYG,HOME,52,Darryl Tapp,OLB,DEF,Y,Y,N,0
9026,2014,2014-09-08 19:10:00,1,DET,NYG,HOME,54,DeAndre Levy,OLB,DEF,Y,Y,Y,0
384,2014,2014-09-08 19:10:00,1,DET,NYG,HOME,55,Stephen Tulloch,ILB,DEF,Y,Y,Y,0
11996,2014,2014-09-08 19:10:00,1,DET,NYG,HOME,58,Ashlee Palmer,LB,DEF,Y,Y,N,0
14225,2014,2014-09-08 19:10:00,1,DET,NYG,HOME,59,Tahir Whitehead,OLB,DEF,Y,Y,Y,0
16465,2014,2014-09-08 19:10:00,1,DET,NYG,HOME,64,Travis Swanson,C,OFF,Y,Y,N,0
15339,2014,2014-09-08 19:10:00,1,DET,NYG,HOME,66,LaAdrian Waddle,RT,OFF,Y,Y,Y,0
11999,2014,2014-09-08 19:10:00,1,DET,NYG,HOME,67,Rob Sims,LG,OFF,Y,Y,Y,0
14222,2014,2014-09-08 19:10:00,1,DET,NYG,HOME,71,Riley Reiff,LT,OFF,Y,Y,Y,0
15128,2014,2014-09-08 19:10:00,1,DET,NYG,HOME,75,Larry Warford,RG,OFF,Y,Y,Y,0
16458,2014,2014-09-08 19:10:00,1,DET,NYG,HOME,77,Cornelius Lucas,OT,OFF,N,N,N,0
10321,2014,2014-09-08 19:10:00,1,DET,NYG,HOME,78,Corey Hilliard,OT,OFF,Y,Y,N,0
16468,2014,2014-09-08 19:10:00,1,DET,NYG,HOME,79,Larry Webster,DE,DEF,N,N,N,0
15336,2014,2014-09-08 19:10:00,1,DET,NYG,HOME,80,Joseph Fauria,TE,OFF,Y,Y,N,0
6029,2014,2014-09-08 19:10:00,1,DET,NYG,HOME,81,Calvin Johnson,WR,OFF,Y,Y,Y,0
14203,2014,2014-09-08 19:10:00,1,DET,NYG,HOME,84,Ryan Broyles,WR,OFF,N,N,N,0
16451,2014,2014-09-08 19:10:00,1,DET,NYG,HOME,85,Eric Ebron,TE,OFF,Y,Y,N,0
9588,2014,2014-09-08 19:10:00,1,DET,NYG,HOME,87,Brandon Pettigrew,TE,OFF,Y,Y,Y,0
11382,2014,2014-09-08 19:10:00,1,DET,NYG,HOME,90,Ndamukong Suh,DT,DEF,Y,Y,Y,0
322,2014,2014-09-08 19:10:00,1,DET,NYG,HOME,91,Jason Jones,DE,DEF,Y,Y,Y,0
15377,2014,2014-09-08 19:10:00,1,DET,NYG,HOME,92,Devin Taylor,DE,DEF,Y,Y,N,0
12626,2014,2014-09-08 19:10:00,1,DET,NYG,HOME,93,George Johnson,DE,DEF,Y,Y,N,0
15122,2014,2014-09-08 19:10:00,1,DET,NYG,HOME,94,Ezekiel Ansah,DE,DEF,Y,Y,Y,0
16463,2014,2014-09-08 19:10:00,1,DET,NYG,HOME,97,Caraun Reid,DT,DEF,Y,Y,N,0
13214,2014,2014-09-08 19:10:00,1,DET,NYG,HOME,98,Nick Fairley,DT,DEF,Y,Y,Y,0
12372,2014,2014-09-08 19:10:00,1,DET,NYG,HOME,99,CJ Mosley,DT,DEF,Y,Y,N,0
12372,2014,2014-09-08 19:10:00,1,DET,NYG,HOME,99,CJ Mosley,DT,DEF,Y,Y,N,0
1694,2014,2014-09-04 20:30:00,1,GB,SEA,AWAY,2,Mason Crosby,K,ST,Y,Y,N,0
11393,2014,2014-09-04 20:30:00,1,GB,SEA,AWAY,8,Tim Masthay,P,ST,Y,Y,N,0
3895,2014,2014-09-04 20:30:00,1,GB,SEA,AWAY,10,Matt Flynn,QB,OFF,Y,N,N,0
14275,2014,2014-09-04 20:30:00,1,GB,SEA,AWAY,11,Jarrett Boykin,WR,OFF,Y,Y,Y,0
2593,2014,2014-09-04 20:30:00,1,GB,SEA,AWAY,12,Aaron Rodgers,QB,OFF,Y,Y,Y,33
13103,2014,2014-09-04 20:30:00,1,GB,SEA,AWAY,16,Scott Tolzien,QB,OFF,N,N,N,0
16470,2014,2014-09-04 20:30:00,1,GB,SEA,AWAY,17,Davante Adams,WR,OFF,Y,Y,N,0
13227,2014,2014-09-04 20:30:00,1,GB,SEA,AWAY,18,Randall Cobb,WR,OFF,Y,Y,Y,0
16473,2014,2014-09-04 20:30:00,1,GB,SEA,AWAY,21,Ha'Sean Clinton-Dix,S,DEF,Y,Y,N,0
7280,2014,2014-09-04 20:30:00,1,GB,SEA,AWAY,24,Jarrett Bush,CB,DEF,Y,Y,N,0
12985,2014,2014-09-04 20:30:00,1,GB,SEA,AWAY,26,DuJuan Harris,RB,OFF,Y,Y,N,0
15138,2014,2014-09-04 20:30:00,1,GB,SEA,AWAY,27,Eddie Lacy,RB,OFF,Y,Y,Y,0
14295,2014,2014-09-04 20:30:00,1,GB,SEA,AWAY,28,Sean Richardson,S,DEF,Y,Y,N,0
14285,2014,2014-09-04 20:30:00,1,GB,SEA,AWAY,29,Casey Hayward,CB,DEF,Y,Y,N,0
1589,2014,2014-09-04 20:30:00,1,GB,SEA,AWAY,30,John Kuhn,FB,OFF,Y,Y,N,0
13236,2014,2014-09-04 20:30:00,1,GB,SEA,AWAY,31,Davon House,CB,DEF,Y,Y,N,0
15136,2014,2014-09-04 20:30:00,1,GB,SEA,AWAY,33,Micah Hyde,FS,DEF,Y,Y,Y,0
11402,2014,2014-09-04 20:30:00,1,GB,SEA,AWAY,37,Sam Shields,CB,DEF,Y,Y,Y,0
3942,2014,2014-09-04 20:30:00,1,GB,SEA,AWAY,38,Tramon Williams,CB,DEF,Y,Y,Y,0
16477,2014,2014-09-04 20:30:00,1,GB,SEA,AWAY,39,Demetri Goodson,CB,DEF,N,N,N,0
11386,2014,2014-09-04 20:30:00,1,GB,SEA,AWAY,42,Morgan Burnett,SS,DEF,Y,Y,Y,0
12506,2014,2014-09-04 20:30:00,1,GB,SEA,AWAY,44,James Starks,RB,OFF,Y,Y,N,0
6506,2014,2014-09-04 20:30:00,1,GB,SEA,AWAY,50,AJ Hawk,OLB,DEF,Y,Y,Y,0
9051,2014,2014-09-04 20:30:00,1,GB,SEA,AWAY,52,Clay Matthews,OLB,DEF,Y,Y,Y,0
14294,2014,2014-09-04 20:30:00,1,GB,SEA,AWAY,53,Nick Perry,LB,DEF,Y,Y,N,0
16471,2014,2014-09-04 20:30:00,1,GB,SEA,AWAY,54,Carl Bradford,LB,DEF,N,N,N,0
15686,2014,2014-09-04 20:30:00,1,GB,SEA,AWAY,55,Andy Mulumba,LB,DEF,Y,Y,N,0
11977,2014,2014-09-04 20:30:00,1,GB,SEA,AWAY,56,Julius Peppers,OLB,DEF,Y,Y,Y,0
13239,2014,2014-09-04 20:30:00,1,GB,SEA,AWAY,57,Jamari Lattimore,LB,DEF,Y,Y,N,0
15132,2014,2014-09-04 20:30:00,1,GB,SEA,AWAY,58,Sam Barrington,LB,DEF,Y,Y,N,0
9049,2014,2014-09-04 20:30:00,1,GB,SEA,AWAY,59,Brad Jones,ILB,DEF,Y,Y,Y,0
5633,2014,2014-09-04 20:30:00,1,GB,SEA,AWAY,61,Brett Goode,LS,ST,Y,Y,N,0
16481,2014,2014-09-04 20:30:00,1,GB,SEA,AWAY,63,Corey Linsley,C,OFF,Y,Y,Y,0
16486,2014,2014-09-04 20:30:00,1,GB,SEA,AWAY,64,Mike Pennel,DT,DEF,N,N,N,0
15583,2014,2014-09-04 20:30:00,1,GB,SEA,AWAY,65,Lane Taylor,G,OFF,Y,Y,N,0
15131,2014,2014-09-04 20:30:00,1,GB,SEA,AWAY,69,David Bakhtiari,LT,OFF,Y,Y,Y,0
9050,2014,2014-09-04 20:30:00,1,GB,SEA,AWAY,70,TJ Lang,RG,OFF,Y,Y,Y,0
3339,2014,2014-09-04 20:30:00,1,GB,SEA,AWAY,71,Josh Sitton,LG,OFF,Y,Y,Y,0
15819,2014,2014-09-04 20:30:00,1,GB,SEA,AWAY,72,Garth Gerhart,C,OFF,Y,N,N,0
11385,2014,2014-09-04 20:30:00,1,GB,SEA,AWAY,75,Bryan Bulaga,RT,OFF,Y,Y,Y,0
14280,2014,2014-09-04 20:30:00,1,GB,SEA,AWAY,76,Mike Daniels,DE,DEF,Y,Y,Y,0
13244,2014,2014-09-04 20:30:00,1,GB,SEA,AWAY,78,Derek Sherrod,OT,OFF,Y,Y,N,0
11400,2014,2014-09-04 20:30:00,1,GB,SEA,AWAY,81,Andrew Quarless,TE,OFF,Y,Y,N,0
13249,2014,2014-09-04 20:30:00,1,GB,SEA,AWAY,82,Ryan Taylor,TE,OFF,Y,Y,N,0
16480,2014,2014-09-04 20:30:00,1,GB,SEA,AWAY,83,Jeff Janis,WR,OFF,N,N,N,0
4276,2014,2014-09-04 20:30:00,1,GB,SEA,AWAY,86,Brandon Bostick,TE,OFF,N,N,N,0
4556,2014,2014-09-04 20:30:00,1,GB,SEA,AWAY,87,Jordy Nelson,WR,OFF,Y,Y,Y,0
16491,2014,2014-09-04 20:30:00,1,GB,SEA,AWAY,89,Richard Rodgers,TE,OFF,Y,Y,Y,0
16475,2014,2014-09-04 20:30:00,1,GB,SEA,AWAY,91,Jay Elliott,LB,DEF,N,N,N,0
15133,2014,2014-09-04 20:30:00,1,GB,SEA,AWAY,93,Josh Boyd,DT,DEF,Y,Y,N,0
15137,2014,2014-09-04 20:30:00,1,GB,SEA,AWAY,95,Datone Jones,DE,DEF,Y,Y,Y,0
11397,2014,2014-09-04 20:30:00,1,GB,SEA,AWAY,96,Mike Neal,DE,DEF,Y,Y,N,0
804,2014,2014-09-04 20:30:00,1,GB,SEA,AWAY,98,Letroy Guion,NT,DEF,Y,Y,Y,0
16211,2014,2014-09-07 13:00:00,1,HOU,WAS,HOME,3,Tom Savage,QB,OFF,N,N,N,0
13961,2014,2014-09-07 13:00:00,1,HOU,WAS,HOME,4,Randy Bullock,K,ST,Y,Y,N,0
7606,2014,2014-09-07 13:00:00,1,HOU,WAS,HOME,9,Shane Lechler,P,ST,Y,Y,N,0
14986,2014,2014-09-07 13:00:00,1,HOU,WAS,HOME,10,DeAndre Hopkins,WR,OFF,Y,Y,Y,0
13981,2014,2014-09-07 13:00:00,1,HOU,WAS,HOME,11,DeVier Posey,WR,OFF,N,N,N,0
13729,2014,2014-09-07 13:00:00,1,HOU,WAS,HOME,13,Damaris Johnson,WR,OFF,Y,Y,Y,0
8283,2014,2014-09-07 13:00:00,1,HOU,WAS,HOME,14,Ryan Fitzpatrick,QB,OFF,Y,Y,Y,22
12771,2014,2014-09-07 13:00:00,1,HOU,WAS,HOME,15,Ryan Mallett,QB,OFF,Y,N,N,0
12212,2014,2014-09-07 13:00:00,1,HOU,WAS,HOME,21,Kendrick Lewis,FS,DEF,Y,Y,Y,0
6458,2014,2014-09-07 13:00:00,1,HOU,WAS,HOME,22,Ronnie Brown,RB,OFF,Y,N,N,0
11792,2014,2014-09-07 13:00:00,1,HOU,WAS,HOME,23,Arian Foster,RB,OFF,Y,Y,Y,0
4490,2014,2014-09-07 13:00:00,1,HOU,WAS,HOME,24,Johnathan Joseph,CB,DEF,Y,Y,Y,0
11105,2014,2014-09-07 13:00:00,1,HOU,WAS,HOME,25,Kareem Jackson,CB,DEF,Y,Y,Y,0
15373,2014,2014-09-07 13:00:00,1,HOU,WAS,HOME,26,Darryl Morris,CB,DEF,Y,Y,N,0
16189,2014,2014-09-07 13:00:00,1,HOU,WAS,HOME,28,Alfred Blue,RB,OFF,Y,Y,N,0
16203,2014,2014-09-07 13:00:00,1,HOU,WAS,HOME,29,Andre Hal,CB,DEF,Y,Y,N,0
12943,2014,2014-09-07 13:00:00,1,HOU,WAS,HOME,31,Shiloh Keo,S,DEF,N,N,N,0
15478,2014,2014-09-07 13:00:00,1,HOU,WAS,HOME,34,AJ Bouye,CB,DEF,Y,Y,N,0
14824,2014,2014-09-07 13:00:00,1,HOU,WAS,HOME,35,Eddie Pleasant,S,DEF,Y,Y,N,0
14989,2014,2014-09-07 13:00:00,1,HOU,WAS,HOME,36,DJ Swearinger,SS,DEF,Y,Y,Y,0
4059,2014,2014-09-07 13:00:00,1,HOU,WAS,HOME,38,Danieal Manning,FS,DEF,Y,Y,N,0
14719,2014,2014-09-07 13:00:00,1,HOU,WAS,HOME,41,Jonathan Grimes,RB,OFF,Y,Y,N,0
9233,2014,2014-09-07 13:00:00,1,HOU,WAS,HOME,43,Elbert Mack,CB,DEF,Y,Y,N,0
16210,2014,2014-09-07 13:00:00,1,HOU,WAS,HOME,45,Jay Prosch,FB,OFF,Y,Y,Y,0
11120,2014,2014-09-07 13:00:00,1,HOU,WAS,HOME,46,Jonathan Weeks,LS,ST,Y,Y,N,0
13285,2014,2014-09-07 13:00:00,1,HOU,WAS,HOME,50,Akeem Dent,LB,DEF,Y,Y,N,0
12779,2014,2014-09-07 13:00:00,1,HOU,WAS,HOME,52,Jeff Tarpinian,LB,DEF,Y,Y,N,0
13023,2014,2014-09-07 13:00:00,1,HOU,WAS,HOME,54,Mike Mohamed,LB,DEF,Y,Y,N,0
6213,2014,2014-09-07 13:00:00,1,HOU,WAS,HOME,55,Chris Myers,C,OFF,Y,Y,Y,0
8571,2014,2014-09-07 13:00:00,1,HOU,WAS,HOME,56,Brian Cushing,ILB,DEF,Y,Y,Y,0
15496,2014,2014-09-07 13:00:00,1,HOU,WAS,HOME,57,Justin Tuggle,OLB,DEF,Y,Y,Y,0
12951,2014,2014-09-07 13:00:00,1,HOU,WAS,HOME,58,Brooks Reed,OLB,DEF,Y,Y,Y,0
13977,2014,2014-09-07 13:00:00,1,HOU,WAS,HOME,59,Whitney Mercilus,LB,DEF,Y,Y,N,0
13969,2014,2014-09-07 13:00:00,1,HOU,WAS,HOME,60,Ben Jones,LG,OFF,Y,Y,Y,0
15822,2014,2014-09-07 13:00:00,1,HOU,WAS,HOME,70,J. Adams,OT,OFF,N,N,N,0
16212,2014,2014-09-07 13:00:00,1,HOU,WAS,HOME,71,Xavier Su'a-Filo,G,OFF,Y,Y,N,0
4019,2014,2014-09-07 13:00:00,1,HOU,WAS,HOME,74,Tyson Clabo,OT,OFF,Y,Y,N,0
12948,2014,2014-09-07 13:00:00,1,HOU,WAS,HOME,75,Derek Newton,RT,OFF,Y,Y,Y,0
3617,2014,2014-09-07 13:00:00,1,HOU,WAS,HOME,76,Duane Brown,LT,OFF,Y,Y,Y,0
13959,2014,2014-09-07 13:00:00,1,HOU,WAS,HOME,79,Brandon Brooks,RG,OFF,Y,Y,Y,0
2429,2014,2014-09-07 13:00:00,1,HOU,WAS,HOME,80,Andre Johnson,WR,OFF,Y,Y,Y,0
13974,2014,2014-09-07 13:00:00,1,HOU,WAS,HOME,82,Keshawn Martin,WR,OFF,Y,Y,N,0
14985,2014,2014-09-07 13:00:00,1,HOU,WAS,HOME,84,Ryan Griffin,TE,OFF,Y,Y,N,0
16200,2014,2014-09-07 13:00:00,1,HOU,WAS,HOME,87,CJ Fiedorowicz,TE,OFF,Y,Y,N,0
11101,2014,2014-09-07 13:00:00,1,HOU,WAS,HOME,88,Garrett Graham,TE,OFF,N,N,N,0
16194,2014,2014-09-07 13:00:00,1,HOU,WAS,HOME,90,Jadeveon Clowney,LB,DEF,Y,Y,Y,0
16186,2014,2014-09-07 13:00:00,1,HOU,WAS,HOME,91,Jason Ankrah,DE,DEF,N,N,N,0
16208,2014,2014-09-07 13:00:00,1,HOU,WAS,HOME,92,Louis Nix III,DT,DEF,N,N,N,0
13962,2014,2014-09-07 13:00:00,1,HOU,WAS,HOME,93,Jared Crick,DE,DEF,Y,Y,Y,0
13046,2014,2014-09-07 13:00:00,1,HOU,WAS,HOME,95,Jerrell Powe,NT,DEF,Y,Y,Y,0
9965,2014,2014-09-07 13:00:00,1,HOU,WAS,HOME,96,Tim Jamison,DE,DEF,Y,Y,N,0
16209,2014,2014-09-07 13:00:00,1,HOU,WAS,HOME,97,Jeoffrey Pagan,DE,DEF,Y,Y,N,0
12955,2014,2014-09-07 13:00:00,1,HOU,WAS,HOME,99,JJ Watt,DE,DEF,Y,Y,Y,0
8618,2014,2014-09-07 20:30:00,1,IND,DEN,AWAY,1,Pat McAfee,P,ST,Y,Y,N,0
3258,2014,2014-09-07 20:30:00,1,IND,DEN,AWAY,4,Adam Vinatieri,K,ST,Y,Y,N,0
1034,2014,2014-09-07 20:30:00,1,IND,DEN,AWAY,8,Matt Hasselbeck,QB,OFF,Y,N,N,0
16232,2014,2014-09-07 20:30:00,1,IND,DEN,AWAY,10,Donte Moncrief,WR,OFF,Y,Y,N,0
14008,2014,2014-09-07 20:30:00,1,IND,DEN,AWAY,12,Andrew Luck,QB,OFF,Y,Y,Y,53
14005,2014,2014-09-07 20:30:00,1,IND,DEN,AWAY,13,TY Hilton,WR,OFF,Y,Y,Y,0
9739,2014,2014-09-07 20:30:00,1,IND,DEN,AWAY,14,Hakeem Nicks,WR,OFF,Y,Y,N,0
15470,2014,2014-09-07 20:30:00,1,IND,DEN,AWAY,16,Da'Rick Rogers,WR,OFF,N,N,N,0
14594,2014,2014-09-07 20:30:00,1,IND,DEN,AWAY,17,Griff Whalen,WR,OFF,Y,Y,N,0
9704,2014,2014-09-07 20:30:00,1,IND,DEN,AWAY,20,Darius Butler,CB,DEF,Y,Y,N,0
9664,2014,2014-09-07 20:30:00,1,IND,DEN,AWAY,21,Vontae Davis,CB,DEF,Y,Y,Y,0
16237,2014,2014-09-07 20:30:00,1,IND,DEN,AWAY,23,Loucheiz Purifoy,CB,DEF,Y,Y,N,0
12557,2014,2014-09-07 20:30:00,1,IND,DEN,AWAY,27,Josh Gordy,CB,DEF,Y,Y,N,0
9782,2014,2014-09-07 20:30:00,1,IND,DEN,AWAY,28,Greg Toler,CB,DEF,Y,Y,Y,0
2104,2014,2014-09-07 20:30:00,1,IND,DEN,AWAY,29,Mike Adams,SS,DEF,Y,Y,Y,0
2104,2014,2014-09-07 20:30:00,1,IND,DEN,AWAY,29,Mike Adams,SS,DEF,Y,Y,Y,0
6259,2014,2014-09-07 20:30:00,1,IND,DEN,AWAY,30,LaRon Landry,FS,DEF,Y,Y,Y,0
12491,2014,2014-09-07 20:30:00,1,IND,DEN,AWAY,32,Colt Anderson,S,DEF,Y,Y,N,0
13902,2014,2014-09-07 20:30:00,1,IND,DEN,AWAY,34,Trent Richardson,RB,OFF,Y,Y,Y,0
14788,2014,2014-09-07 20:30:00,1,IND,DEN,AWAY,36,Dan Herron,RB,OFF,Y,Y,N,0
16240,2014,2014-09-07 20:30:00,1,IND,DEN,AWAY,37,Zurlon Tipton,RB,OFF,N,N,N,0
10968,2014,2014-09-07 20:30:00,1,IND,DEN,AWAY,38,Sergio Brown,S,DEF,N,N,N,0
2220,2014,2014-09-07 20:30:00,1,IND,DEN,AWAY,44,Ahmad Bradshaw,RB,OFF,Y,Y,N,0
14010,2014,2014-09-07 20:30:00,1,IND,DEN,AWAY,45,Matt Overton,LS,ST,Y,Y,N,0
12901,2014,2014-09-07 20:30:00,1,IND,DEN,AWAY,48,Mario Harvey,ILB,DEF,Y,Y,N,0
13999,2014,2014-09-07 20:30:00,1,IND,DEN,AWAY,50,Jerrell Freeman,OLB,DEF,Y,Y,Y,0
16233,2014,2014-09-07 20:30:00,1,IND,DEN,AWAY,51,Henoc Muamba,ILB,DEF,N,N,N,0
2503,2014,2014-09-07 20:30:00,1,IND,DEN,AWAY,52,D'Qwell Jackson,ILB,DEF,Y,Y,Y,0
13610,2014,2014-09-07 20:30:00,1,IND,DEN,AWAY,53,AQ Shipley,C,OFF,Y,Y,Y,0
15807,2014,2014-09-07 20:30:00,1,IND,DEN,AWAY,57,Josh McNary,ILB,DEF,Y,Y,N,0
5044,2014,2014-09-07 20:30:00,1,IND,DEN,AWAY,58,Andy Studebaker,OLB,DEF,Y,Y,N,0
14827,2014,2014-09-07 20:30:00,1,IND,DEN,AWAY,59,Cam Johnson,OLB,DEF,Y,Y,N,0
8980,2014,2014-09-07 20:30:00,1,IND,DEN,AWAY,60,Lance Louis,G,OFF,Y,Y,N,0
15006,2014,2014-09-07 20:30:00,1,IND,DEN,AWAY,62,Khaled Holmes,OL,OFF,N,N,N,0
9892,2014,2014-09-07 20:30:00,1,IND,DEN,AWAY,64,Jamon Meredith,OT,OFF,Y,N,N,0
15008,2014,2014-09-07 20:30:00,1,IND,DEN,AWAY,69,Hugh Thornton,RG,OFF,Y,Y,Y,0
16221,2014,2014-09-07 20:30:00,1,IND,DEN,AWAY,72,Jonotthan Harrison,C,OFF,Y,Y,N,0
12960,2014,2014-09-07 20:30:00,1,IND,DEN,AWAY,74,Anthony Castonzo,LT,OFF,Y,Y,Y,0
16231,2014,2014-09-07 20:30:00,1,IND,DEN,AWAY,75,Jack Mewhort,LG,OFF,Y,Y,Y,0
12204,2014,2014-09-07 20:30:00,1,IND,DEN,AWAY,76,Joe Reitz,G,OFF,N,N,N,0
558,2014,2014-09-07 20:30:00,1,IND,DEN,AWAY,78,Gosder Cherilus,RT,OFF,Y,Y,Y,0
13997,2014,2014-09-07 20:30:00,1,IND,DEN,AWAY,80,Coby Fleener,TE,OFF,Y,Y,Y,0
13987,2014,2014-09-07 20:30:00,1,IND,DEN,AWAY,83,Dwayne Allen,TE,OFF,Y,Y,Y,0
15602,2014,2014-09-07 20:30:00,1,IND,DEN,AWAY,84,Jack Doyle,TE,OFF,Y,Y,N,0
5002,2014,2014-09-07 20:30:00,1,IND,DEN,AWAY,87,Reggie Wayne,WR,OFF,Y,Y,Y,0
11722,2014,2014-09-07 20:30:00,1,IND,DEN,AWAY,90,Cory Redding,DE,DEF,Y,Y,Y,0
16234,2014,2014-09-07 20:30:00,1,IND,DEN,AWAY,91,Jonathan Newsome,OLB,DEF,Y,Y,N,0
15009,2014,2014-09-07 20:30:00,1,IND,DEN,AWAY,92,Bjoern Werner,DE/LB,DEF,Y,Y,Y,0
12424,2014,2014-09-07 20:30:00,1,IND,DEN,AWAY,93,Erik Walden,OLB,DEF,Y,Y,Y,0
16226,2014,2014-09-07 20:30:00,1,IND,DEN,AWAY,94,Zach Kerr,NT,DEF,Y,Y,N,0
15007,2014,2014-09-07 20:30:00,1,IND,DEN,AWAY,95,Montori Hughes,DT,DEF,N,N,N,0
14760,2014,2014-09-07 20:30:00,1,IND,DEN,AWAY,96,Josh Chapman,NT,DEF,Y,Y,Y,0
11011,2014,2014-09-07 20:30:00,1,IND,DEN,AWAY,97,Arthur Jones,DT,DEF,Y,Y,Y,0
9828,2014,2014-09-07 20:30:00,1,IND,DEN,AWAY,99,Ricky Jean-Francois,DT,DEF,Y,Y,N,0
16245,2014,2014-09-07 13:00:00,1,JAX,PHI,AWAY,5,Blake Bortles,QB,OFF,Y,N,N,0
2405,2014,2014-09-07 13:00:00,1,JAX,PHI,AWAY,7,Chad Henne,QB,OFF,Y,Y,Y,43
6902,2014,2014-09-07 13:00:00,1,JAX,PHI,AWAY,10,Josh Scobee,K,ST,Y,Y,N,0
16258,2014,2014-09-07 13:00:00,1,JAX,PHI,AWAY,11,Marqise Lee,WR,OFF,Y,Y,Y,0
14817,2014,2014-09-07 13:00:00,1,JAX,PHI,AWAY,12,Mike Brown,WR,OFF,Y,Y,N,0
16263,2014,2014-09-07 13:00:00,1,JAX,PHI,AWAY,15,Allen Robinson,WR,OFF,Y,Y,N,0
15018,2014,2014-09-07 13:00:00,1,JAX,PHI,AWAY,16,Denard Robinson,RB,OFF,Y,Y,N,0
14017,2014,2014-09-07 13:00:00,1,JAX,PHI,AWAY,19,Bryan Anger,P,ST,Y,Y,N,0
11413,2014,2014-09-07 13:00:00,1,JAX,PHI,AWAY,21,Toby Gerhart,RB,OFF,Y,Y,Y,0
14582,2014,2014-09-07 13:00:00,1,JAX,PHI,AWAY,22,Winston Guy,FS,DEF,Y,Y,Y,0
5677,2014,2014-09-07 13:00:00,1,JAX,PHI,AWAY,23,Alan Ball,CB,DEF,Y,Y,Y,0
12453,2014,2014-09-07 13:00:00,1,JAX,PHI,AWAY,24,Will Blackmon,CB,DEF,Y,Y,N,0
15013,2014,2014-09-07 13:00:00,1,JAX,PHI,AWAY,26,Josh Evans,S,DEF,Y,Y,N,0
15014,2014,2014-09-07 13:00:00,1,JAX,PHI,AWAY,27,Dwayne Gratz,CB,DEF,Y,Y,Y,0
13102,2014,2014-09-07 13:00:00,1,JAX,PHI,AWAY,30,Jordan Todman,RB,OFF,Y,Y,N,0
15015,2014,2014-09-07 13:00:00,1,JAX,PHI,AWAY,31,Jeremy Harris,CB,DEF,Y,Y,N,0
16255,2014,2014-09-07 13:00:00,1,JAX,PHI,AWAY,34,Storm Johnson,RB,OFF,N,N,N,0
15017,2014,2014-09-07 13:00:00,1,JAX,PHI,AWAY,35,Demetrius McCray,CB,DEF,Y,Y,N,0
15012,2014,2014-09-07 13:00:00,1,JAX,PHI,AWAY,37,Jonathan Cyprien,SS,DEF,Y,Y,Y,0
12997,2014,2014-09-07 13:00:00,1,JAX,PHI,AWAY,42,Chris Prosinski,S,DEF,Y,Y,N,0
14753,2014,2014-09-07 13:00:00,1,JAX,PHI,AWAY,45,Will Ta'ufo'ou,FB,OFF,Y,Y,Y,0
15454,2014,2014-09-07 13:00:00,1,JAX,PHI,AWAY,46,Carson Tinker,LS,ST,Y,Y,N,0
16266,2014,2014-09-07 13:00:00,1,JAX,PHI,AWAY,50,Telvin Smith,LB,DEF,Y,Y,N,0
4162,2014,2014-09-07 13:00:00,1,JAX,PHI,AWAY,51,Paul Posluszny,ILB,DEF,Y,Y,Y,0
13205,2014,2014-09-07 13:00:00,1,JAX,PHI,AWAY,52,JT Thomas,LB,DEF,Y,Y,N,0
4672,2014,2014-09-07 13:00:00,1,JAX,PHI,AWAY,55,Geno Hayes,OLB,DEF,Y,Y,Y,0
15450,2014,2014-09-07 13:00:00,1,JAX,PHI,AWAY,56,LaRoy Reynolds,OLB,DEF,Y,Y,Y,0
12063,2014,2014-09-07 13:00:00,1,JAX,PHI,AWAY,57,Dekoda Watson,LB,DEF,Y,Y,N,0
14729,2014,2014-09-07 13:00:00,1,JAX,PHI,AWAY,59,Ryan Davis,DE,DEF,Y,Y,N,0
16259,2014,2014-09-07 13:00:00,1,JAX,PHI,AWAY,65,Brandon Linder,RG,OFF,Y,Y,Y,0
11140,2014,2014-09-07 13:00:00,1,JAX,PHI,AWAY,66,Jacques McClendon,C,OFF,Y,Y,Y,0
14813,2014,2014-09-07 13:00:00,1,JAX,PHI,AWAY,67,Austin Pasztor,OT,OFF,N,N,N,0
11178,2014,2014-09-07 13:00:00,1,JAX,PHI,AWAY,68,Zane Beadles,LG,OFF,Y,Y,Y,0
16264,2014,2014-09-07 13:00:00,1,JAX,PHI,AWAY,69,Tyler Shatley,G,OFF,N,N,N,0
16246,2014,2014-09-07 13:00:00,1,JAX,PHI,AWAY,70,Luke Bowanko,C,OFF,Y,Y,N,0
16268,2014,2014-09-07 13:00:00,1,JAX,PHI,AWAY,72,Josh Wells,OT,OFF,N,N,N,0
11289,2014,2014-09-07 13:00:00,1,JAX,PHI,AWAY,74,Sam Young,OT,OFF,Y,Y,N,0
15016,2014,2014-09-07 13:00:00,1,JAX,PHI,AWAY,76,Luke Joeckel,LT,OFF,Y,Y,Y,0
12979,2014,2014-09-07 13:00:00,1,JAX,PHI,AWAY,78,Cameron Bradfield,RT,OFF,Y,Y,Y,0
678,2014,2014-09-07 13:00:00,1,JAX,PHI,AWAY,79,Red Bryant,DE,DEF,Y,Y,Y,0
12326,2014,2014-09-07 13:00:00,1,JAX,PHI,AWAY,81,Mickey Shuler,TE,OFF,Y,Y,N,0
13002,2014,2014-09-07 13:00:00,1,JAX,PHI,AWAY,84,Cecil Shorts,WR,OFF,N,N,N,0
11317,2014,2014-09-07 13:00:00,1,JAX,PHI,AWAY,86,Clay Harbor,TE,OFF,N,N,N,0
16253,2014,2014-09-07 13:00:00,1,JAX,PHI,AWAY,88,Allen Hurns,WR,OFF,Y,Y,Y,0
3061,2014,2014-09-07 13:00:00,1,JAX,PHI,AWAY,89,Marcedes Lewis,TE,OFF,Y,Y,Y,0
14021,2014,2014-09-07 13:00:00,1,JAX,PHI,AWAY,90,Andre Branch,DE,DEF,Y,Y,N,0
12116,2014,2014-09-07 13:00:00,1,JAX,PHI,AWAY,91,Chris Clemons,DE,DEF,Y,Y,Y,0
8507,2014,2014-09-07 13:00:00,1,JAX,PHI,AWAY,92,Evander Hood,DT,DEF,Y,Y,N,0
11151,2014,2014-09-07 13:00:00,1,JAX,PHI,AWAY,93,Tyson Alualu,DE,DEF,Y,Y,N,0
15441,2014,2014-09-07 13:00:00,1,JAX,PHI,AWAY,95,Abry Jones,DT,DEF,Y,Y,N,0
12056,2014,2014-09-07 13:00:00,1,JAX,PHI,AWAY,97,Roy Miller,DT,DEF,Y,Y,Y,0
16265,2014,2014-09-07 13:00:00,1,JAX,PHI,AWAY,98,Chris Smith,DE,DEF,N,N,N,0
9555,2014,2014-09-07 13:00:00,1,JAX,PHI,AWAY,99,Sen'Derrick Marks,DT,DEF,Y,Y,Y,0
8243,2014,2014-09-07 13:00:00,1,KC,TEN,HOME,2,Dustin Colquitt,P,ST,Y,Y,N,0
16301,2014,2014-09-07 13:00:00,1,KC,TEN,HOME,5,Cairo Santos,K,ST,Y,Y,N,0
16300,2014,2014-09-07 13:00:00,1,KC,TEN,HOME,7,Aaron Murray,QB,OFF,N,N,N,0
9902,2014,2014-09-07 13:00:00,1,KC,TEN,HOME,10,Chase Daniel,QB,OFF,Y,N,N,0
6739,2014,2014-09-07 13:00:00,1,KC,TEN,HOME,11,Alex Smith,QB,OFF,Y,Y,Y,35
6739,2014,2014-09-07 13:00:00,1,KC,TEN,HOME,11,Alex Smith,QB,OFF,Y,Y,Y,35
16308,2014,2014-09-07 13:00:00,1,KC,TEN,HOME,12,Albert Wilson,WR,OFF,Y,Y,N,0
16305,2014,2014-09-07 13:00:00,1,KC,TEN,HOME,13,De'Anthony Thomas,RB,OFF,N,N,N,0
14502,2014,2014-09-07 13:00:00,1,KC,TEN,HOME,15,AJ Jenkins,WR,OFF,Y,Y,N,0
2730,2014,2014-09-07 13:00:00,1,KC,TEN,HOME,17,Donnie Avery,WR,OFF,Y,Y,Y,0
9121,2014,2014-09-07 13:00:00,1,KC,TEN,HOME,20,Chris Owens,CB,DEF,Y,Y,N,0
9667,2014,2014-09-07 13:00:00,1,KC,TEN,HOME,21,Sean Smith,CB,DEF,Y,Y,Y,0
10999,2014,2014-09-07 13:00:00,1,KC,TEN,HOME,22,Joe McKnight,RB,OFF,Y,Y,N,0
16297,2014,2014-09-07 13:00:00,1,KC,TEN,HOME,23,Phillip Gaines,CB,DEF,Y,Y,N,0
13789,2014,2014-09-07 13:00:00,1,KC,TEN,HOME,24,Kelcie McCray,S,DEF,Y,Y,N,0
7969,2014,2014-09-07 13:00:00,1,KC,TEN,HOME,25,Jamaal Charles,RB,OFF,Y,Y,Y,0
11311,2014,2014-09-07 13:00:00,1,KC,TEN,HOME,27,Kurt Coleman,S,DEF,N,N,N,0
11205,2014,2014-09-07 13:00:00,1,KC,TEN,HOME,29,Eric Berry,SS,DEF,Y,Y,Y,0
15234,2014,2014-09-07 13:00:00,1,KC,TEN,HOME,31,Marcus Cooper,CB,DEF,N,N,N,0
14070,2014,2014-09-07 13:00:00,1,KC,TEN,HOME,32,Cyrus Gray,RB,OFF,Y,Y,N,0
15045,2014,2014-09-07 13:00:00,1,KC,TEN,HOME,34,Knile Davis,RB,OFF,Y,Y,N,0
13476,2014,2014-09-07 13:00:00,1,KC,TEN,HOME,38,Ron Parker,CB,DEF,Y,Y,Y,0
6411,2014,2014-09-07 13:00:00,1,KC,TEN,HOME,39,Husain Abdullah,FS,DEF,Y,Y,Y,0
13418,2014,2014-09-07 13:00:00,1,KC,TEN,HOME,42,Anthony Sherman,FB,OFF,Y,Y,Y,0
9568,2014,2014-09-07 13:00:00,1,KC,TEN,HOME,43,Thomas Gafford,LS,ST,Y,Y,N,0
16303,2014,2014-09-07 13:00:00,1,KC,TEN,HOME,49,Daniel Sorensen,S,DEF,Y,Y,N,0
13036,2014,2014-09-07 13:00:00,1,KC,TEN,HOME,50,Justin Houston,OLB,DEF,Y,Y,Y,0
12195,2014,2014-09-07 13:00:00,1,KC,TEN,HOME,51,Frank Zombo,LB,DEF,Y,Y,N,0
13898,2014,2014-09-07 13:00:00,1,KC,TEN,HOME,52,James-Michael Johnson,LB,DEF,Y,Y,N,0
16294,2014,2014-09-07 13:00:00,1,KC,TEN,HOME,55,Dee Ford,LB,DEF,Y,Y,N,0
8231,2014,2014-09-07 13:00:00,1,KC,TEN,HOME,56,Derrick Johnson,ILB,DEF,Y,Y,Y,0
13037,2014,2014-09-07 13:00:00,1,KC,TEN,HOME,61,Rodney Hudson,C,OFF,Y,Y,Y,0
15049,2014,2014-09-07 13:00:00,1,KC,TEN,HOME,64,Eric Kush,C,OFF,N,N,N,0
5135,2014,2014-09-07 13:00:00,1,KC,TEN,HOME,68,Ryan Harris,OT,OFF,Y,Y,N,0
5748,2014,2014-09-07 13:00:00,1,KC,TEN,HOME,70,Mike DeVito,DE,DEF,Y,Y,Y,0
14061,2014,2014-09-07 13:00:00,1,KC,TEN,HOME,71,Jeff Allen,RT,OFF,Y,Y,Y,0
15046,2014,2014-09-07 13:00:00,1,KC,TEN,HOME,72,Eric Fisher,LT,OFF,Y,Y,Y,0
16295,2014,2014-09-07 13:00:00,1,KC,TEN,HOME,73,Zach Fulton,RG,OFF,Y,Y,Y,0
11138,2014,2014-09-07 13:00:00,1,KC,TEN,HOME,74,Jeff Linkenbach,OT,OFF,Y,Y,N,0
5378,2014,2014-09-07 13:00:00,1,KC,TEN,HOME,75,Mike McGlynn,LG,OFF,Y,Y,Y,0
16293,2014,2014-09-07 13:00:00,1,KC,TEN,HOME,76,Laurent Duvernay-Tardif,OL,OFF,N,N,N,0
1545,2014,2014-09-07 13:00:00,1,KC,TEN,HOME,80,Anthony Fasano,TE,OFF,Y,Y,Y,0
15305,2014,2014-09-07 13:00:00,1,KC,TEN,HOME,84,Demetrius Harris,TE,OFF,Y,Y,N,0
15296,2014,2014-09-07 13:00:00,1,KC,TEN,HOME,85,Frankie Hammond,WR,OFF,Y,Y,Y,0
15048,2014,2014-09-07 13:00:00,1,KC,TEN,HOME,87,Travis Kelce,TE,OFF,Y,Y,N,0
14836,2014,2014-09-07 13:00:00,1,KC,TEN,HOME,88,Junior Hemingway,WR,OFF,Y,Y,N,0
12430,2014,2014-09-07 13:00:00,1,KC,TEN,HOME,90,Josh Mauga,ILB,DEF,Y,Y,Y,0
2406,2014,2014-09-07 13:00:00,1,KC,TEN,HOME,91,Tamba Hali,OLB,DEF,Y,Y,Y,0
14081,2014,2014-09-07 13:00:00,1,KC,TEN,HOME,92,Dontari Poe,NT,DEF,Y,Y,Y,0
15301,2014,2014-09-07 13:00:00,1,KC,TEN,HOME,95,Josh Martin,DE/LB,DEF,Y,Y,N,0
14519,2014,2014-09-07 13:00:00,1,KC,TEN,HOME,96,Jaye Howard,DT,DEF,Y,Y,N,0
13029,2014,2014-09-07 13:00:00,1,KC,TEN,HOME,97,Allen Bailey,DE,DEF,Y,Y,Y,0
14851,2014,2014-09-07 13:00:00,1,KC,TEN,HOME,98,Damion Square,DE,DEF,N,N,N,0
9890,2014,2014-09-07 13:00:00,1,KC,TEN,HOME,99,Vance Walker,DE,DEF,Y,Y,N,0
7650,2014,2014-09-07 13:00:00,1,MIA,NE,HOME,2,Brandon Fields,P,ST,Y,Y,N,0
5834,2014,2014-09-07 13:00:00,1,MIA,NE,HOME,8,Matt Moore,QB,OFF,Y,N,N,0
14877,2014,2014-09-07 13:00:00,1,MIA,NE,HOME,9,Caleb Sturgis,K,ST,Y,Y,N,0
10034,2014,2014-09-07 13:00:00,1,MIA,NE,HOME,10,Brandon Gibson,WR,OFF,Y,Y,N,0
8529,2014,2014-09-07 13:00:00,1,MIA,NE,HOME,11,Mike Wallace,WR,OFF,Y,Y,Y,0
16020,2014,2014-09-07 13:00:00,1,MIA,NE,HOME,14,Jarvis Landry,WR,OFF,Y,Y,N,0
13799,2014,2014-09-07 13:00:00,1,MIA,NE,HOME,17,Ryan Tannehill,QB,OFF,Y,Y,Y,32
13788,2014,2014-09-07 13:00:00,1,MIA,NE,HOME,18,Rishard Matthews,WR,OFF,Y,Y,N,0
6078,2014,2014-09-07 13:00:00,1,MIA,NE,HOME,21,Brent Grimes,CB,DEF,Y,Y,Y,0
14878,2014,2014-09-07 13:00:00,1,MIA,NE,HOME,22,Jamar Taylor,CB,DEF,Y,Y,N,0
1722,2014,2014-09-07 13:00:00,1,MIA,NE,HOME,24,Cortland Finnegan,CB,DEF,Y,Y,Y,0
9002,2014,2014-09-07 13:00:00,1,MIA,NE,HOME,25,Louis Delmas,S,DEF,Y,Y,Y,0
13791,2014,2014-09-07 13:00:00,1,MIA,NE,HOME,26,Lamar Miller,RB,OFF,Y,Y,Y,0
12763,2014,2014-09-07 13:00:00,1,MIA,NE,HOME,27,Jimmy Wilson,S,DEF,Y,Y,Y,0
8699,2014,2014-09-07 13:00:00,1,MIA,NE,HOME,28,Knowshon Moreno,RB,OFF,Y,Y,N,0
15560,2014,2014-09-07 13:00:00,1,MIA,NE,HOME,29,Will Davis,CB,DEF,Y,Y,N,0
15589,2014,2014-09-07 13:00:00,1,MIA,NE,HOME,31,Michael Thomas,S,DEF,Y,Y,N,0
16008,2014,2014-09-07 13:00:00,1,MIA,NE,HOME,32,Orleans Darkwa,RB,OFF,Y,Y,N,0
16031,2014,2014-09-07 13:00:00,1,MIA,NE,HOME,34,Damien Williams,RB,OFF,Y,Y,N,0
16005,2014,2014-09-07 13:00:00,1,MIA,NE,HOME,35,Walt Aikens,CB,DEF,Y,Y,N,0
16098,2014,2014-09-07 13:00:00,1,MIA,NE,HOME,37,Sammy Seamster,CB,DEF,Y,Y,N,0
12751,2014,2014-09-07 13:00:00,1,MIA,NE,HOME,42,Charles Clay,TE,OFF,Y,Y,Y,0
14646,2014,2014-09-07 13:00:00,1,MIA,NE,HOME,50,Olivier Vernon,DE,DEF,Y,Y,Y,0
13698,2014,2014-09-07 13:00:00,1,MIA,NE,HOME,51,Mike Pouncey,C,OFF,N,N,N,0
4959,2014,2014-09-07 13:00:00,1,MIA,NE,HOME,52,Philip Wheeler,LB,DEF,N,N,N,0
14873,2014,2014-09-07 13:00:00,1,MIA,NE,HOME,53,Jelani Jenkins,LB,DEF,Y,Y,N,0
10960,2014,2014-09-07 13:00:00,1,MIA,NE,HOME,55,Koa Misi,LB,DEF,Y,Y,Y,0
12753,2014,2014-09-07 13:00:00,1,MIA,NE,HOME,56,Jonathan Freeny,LB,DEF,Y,Y,N,0
16028,2014,2014-09-07 13:00:00,1,MIA,NE,HOME,57,Jordan Tripp,LB,DEF,N,N,N,0
16023,2014,2014-09-07 13:00:00,1,MIA,NE,HOME,58,Chris McCain,LB,DEF,Y,Y,N,0
9793,2014,2014-09-07 13:00:00,1,MIA,NE,HOME,59,Dannell Ellerbe,LB,DEF,Y,Y,Y,0
14879,2014,2014-09-07 13:00:00,1,MIA,NE,HOME,63,Dallas Thomas,G,OFF,Y,Y,N,0
8786,2014,2014-09-07 13:00:00,1,MIA,NE,HOME,64,Samson Satele,C,OFF,Y,Y,Y,0
11115,2014,2014-09-07 13:00:00,1,MIA,NE,HOME,66,Shelley Smith,RG,OFF,Y,Y,Y,0
4244,2014,2014-09-07 13:00:00,1,MIA,NE,HOME,67,Daryn Colledge,LG,OFF,Y,Y,Y,0
16015,2014,2014-09-07 13:00:00,1,MIA,NE,HOME,70,Ja'Wuan James,RT,OFF,Y,Y,Y,0
2284,2014,2014-09-07 13:00:00,1,MIA,NE,HOME,71,Branden Albert,LT,OFF,Y,Y,Y,0
16646,2014,2014-09-07 13:00:00,1,MIA,NE,HOME,72,Bruce Gaston,DT,DEF,N,N,N,0
11377,2014,2014-09-07 13:00:00,1,MIA,NE,HOME,74,Jason Fox,OT,OFF,N,N,N,0
1106,2014,2014-09-07 13:00:00,1,MIA,NE,HOME,75,Nate Garner,G,OFF,Y,Y,N,0
16017,2014,2014-09-07 13:00:00,1,MIA,NE,HOME,76,Anthony Johnson,DT,DEF,Y,Y,N,0
16029,2014,2014-09-07 13:00:00,1,MIA,NE,HOME,77,Billy Turner,G,OFF,N,N,N,0
16010,2014,2014-09-07 13:00:00,1,MIA,NE,HOME,78,Terrence Fede,DE,DEF,N,N,N,0
14645,2014,2014-09-07 13:00:00,1,MIA,NE,HOME,79,Derrick Shelby,DE,DEF,Y,Y,N,0
14876,2014,2014-09-07 13:00:00,1,MIA,NE,HOME,80,Dion Sims,TE,OFF,Y,Y,Y,0
8330,2014,2014-09-07 13:00:00,1,MIA,NE,HOME,82,Brian Hartline,WR,OFF,Y,Y,Y,0
16013,2014,2014-09-07 13:00:00,1,MIA,NE,HOME,89,Gator Hoskins,TE,OFF,Y,Y,N,0
11108,2014,2014-09-07 13:00:00,1,MIA,NE,HOME,90,Earl Mitchell,DT,DEF,Y,Y,N,0
8343,2014,2014-09-07 13:00:00,1,MIA,NE,HOME,91,Cameron Wake,DE,DEF,Y,Y,Y,0
5377,2014,2014-09-07 13:00:00,1,MIA,NE,HOME,92,John Denney,LS,ST,Y,Y,N,0
9958,2014,2014-09-07 13:00:00,1,MIA,NE,HOME,93,Jason Trusnik,LB,DEF,Y,Y,Y,0
2253,2014,2014-09-07 13:00:00,1,MIA,NE,HOME,94,Randy Starks,DT,DEF,Y,Y,Y,0
10962,2014,2014-09-07 13:00:00,1,MIA,NE,HOME,98,Jared Odrick,DT,DEF,Y,Y,Y,0
14463,2014,2014-09-07 13:00:00,1,MIN,STL,AWAY,3,Blair Walsh,K,ST,Y,Y,N,0
16497,2014,2014-09-07 13:00:00,1,MIN,STL,AWAY,5,Teddy Bridgewater,QB,OFF,Y,N,N,0
13270,2014,2014-09-07 13:00:00,1,MIN,STL,AWAY,7,Christian Ponder,QB,OFF,N,N,N,0
6597,2014,2014-09-07 13:00:00,1,MIN,STL,AWAY,15,Greg Jennings,WR,OFF,Y,Y,Y,0
8723,2014,2014-09-07 13:00:00,1,MIN,STL,AWAY,16,Matt Cassel,QB,OFF,Y,Y,Y,25
14465,2014,2014-09-07 13:00:00,1,MIN,STL,AWAY,17,Jarius Wright,WR,OFF,Y,Y,N,0
15148,2014,2014-09-07 13:00:00,1,MIN,STL,AWAY,18,Jeff Locke,P,ST,Y,Y,N,0
15534,2014,2014-09-07 13:00:00,1,MIN,STL,AWAY,19,Adam Thielen,WR,OFF,Y,Y,N,0
14631,2014,2014-09-07 13:00:00,1,MIN,STL,AWAY,21,Josh Robinson,CB,DEF,Y,Y,N,0
14461,2014,2014-09-07 13:00:00,1,MIN,STL,AWAY,22,Harrison Smith,FS,DEF,Y,Y,Y,0
9169,2014,2014-09-07 13:00:00,1,MIN,STL,AWAY,24,Captain Munnerlyn,CB,DEF,Y,Y,Y,0
13875,2014,2014-09-07 13:00:00,1,MIN,STL,AWAY,27,Shaun Prater,CB,DEF,N,N,N,0
4807,2014,2014-09-07 13:00:00,1,MIN,STL,AWAY,28,Adrian Peterson,RB,OFF,Y,Y,Y,0
15151,2014,2014-09-07 13:00:00,1,MIN,STL,AWAY,29,Xavier Rhodes,CB,DEF,Y,Y,Y,0
16510,2014,2014-09-07 13:00:00,1,MIN,STL,AWAY,31,Jerick McKinnon,RB,OFF,Y,Y,N,0
16502,2014,2014-09-07 13:00:00,1,MIN,STL,AWAY,32,Antone Exum,S,DEF,Y,Y,N,0
12554,2014,2014-09-07 13:00:00,1,MIN,STL,AWAY,34,Andrew Sendejo,S,DEF,Y,Y,N,0
12681,2014,2014-09-07 13:00:00,1,MIN,STL,AWAY,35,Marcus Sherels,CB,DEF,Y,Y,N,0
14440,2014,2014-09-07 13:00:00,1,MIN,STL,AWAY,36,Robert Blanton,SS,DEF,Y,Y,Y,0
16511,2014,2014-09-07 13:00:00,1,MIN,STL,AWAY,39,Jabari Price,CB,DEF,Y,Y,N,0
733,2014,2014-09-07 13:00:00,1,MIN,STL,AWAY,42,Jerome Felton,FB,OFF,Y,Y,Y,0
13255,2014,2014-09-07 13:00:00,1,MIN,STL,AWAY,44,Matt Asiata,RB,OFF,Y,Y,N,0
3201,2014,2014-09-07 13:00:00,1,MIN,STL,AWAY,46,Cullen Loeffler,LS,ST,Y,Y,N,0
15555,2014,2014-09-07 13:00:00,1,MIN,STL,AWAY,48,Zach Line,FB,OFF,N,N,N,0
15147,2014,2014-09-07 13:00:00,1,MIN,STL,AWAY,50,Gerald Hodges,LB,DEF,Y,Y,N,0
6285,2014,2014-09-07 13:00:00,1,MIN,STL,AWAY,52,Chad Greenway,OLB,DEF,Y,Y,Y,0
9070,2014,2014-09-07 13:00:00,1,MIN,STL,AWAY,54,Jasper Brinkley,ILB,DEF,Y,Y,Y,0
16496,2014,2014-09-07 13:00:00,1,MIN,STL,AWAY,55,Anthony Barr,OLB,DEF,Y,Y,Y,0
15149,2014,2014-09-07 13:00:00,1,MIN,STL,AWAY,56,Michael Mauti,LB,DEF,N,N,N,0
14442,2014,2014-09-07 13:00:00,1,MIN,STL,AWAY,57,Audie Cole,LB,DEF,Y,Y,N,0
16516,2014,2014-09-07 13:00:00,1,MIN,STL,AWAY,58,Brandon Watts,LB,DEF,N,N,N,0
8319,2014,2014-09-07 13:00:00,1,MIN,STL,AWAY,61,Joe Berger,C,OFF,Y,Y,N,0
10994,2014,2014-09-07 13:00:00,1,MIN,STL,AWAY,62,Vladimir Ducasse,G,OFF,Y,N,N,0
13261,2014,2014-09-07 13:00:00,1,MIN,STL,AWAY,63,Brandon Fusco,RG,OFF,Y,Y,Y,0
7509,2014,2014-09-07 13:00:00,1,MIN,STL,AWAY,65,John Sullivan,C,OFF,Y,Y,Y,0
16519,2014,2014-09-07 13:00:00,1,MIN,STL,AWAY,66,David Yankey,G,OFF,N,N,N,0
9087,2014,2014-09-07 13:00:00,1,MIN,STL,AWAY,71,Phil Loadholt,RT,OFF,Y,Y,Y,0
15146,2014,2014-09-07 13:00:00,1,MIN,STL,AWAY,73,Sharrif Floyd,DT,DEF,Y,Y,Y,0
1786,2014,2014-09-07 13:00:00,1,MIN,STL,AWAY,74,Charlie Johnson,LG,OFF,Y,Y,Y,0
14451,2014,2014-09-07 13:00:00,1,MIN,STL,AWAY,75,Matt Kalil,LT,OFF,Y,Y,Y,0
14125,2014,2014-09-07 13:00:00,1,MIN,STL,AWAY,79,Michael Harris,OT,OFF,Y,N,N,0
13275,2014,2014-09-07 13:00:00,1,MIN,STL,AWAY,82,Kyle Rudolph,TE,OFF,Y,Y,Y,0
15350,2014,2014-09-07 13:00:00,1,MIN,STL,AWAY,83,Rodney Smith,WR,OFF,Y,Y,N,0
15150,2014,2014-09-07 13:00:00,1,MIN,STL,AWAY,84,Cordarrelle Patterson,WR,OFF,Y,Y,Y,0
14445,2014,2014-09-07 13:00:00,1,MIN,STL,AWAY,85,Rhett Ellison,TE,OFF,Y,Y,N,0
15371,2014,2014-09-07 13:00:00,1,MIN,STL,AWAY,87,MarQueis Gray,TE,OFF,N,N,N,0
13664,2014,2014-09-07 13:00:00,1,MIN,STL,AWAY,92,Tom Johnson,DT,DEF,Y,Y,N,0
16515,2014,2014-09-07 13:00:00,1,MIN,STL,AWAY,93,Shamar Stephen,DT,DEF,Y,Y,N,0
16501,2014,2014-09-07 13:00:00,1,MIN,STL,AWAY,95,Scott Crichton,DE,DEF,Y,Y,N,0
7202,2014,2014-09-07 13:00:00,1,MIN,STL,AWAY,96,Brian Robison,DE,DEF,Y,Y,Y,0
11414,2014,2014-09-07 13:00:00,1,MIN,STL,AWAY,97,Everson Griffen,DE,DEF,Y,Y,Y,0
11302,2014,2014-09-07 13:00:00,1,MIN,STL,AWAY,98,Linval Joseph,NT,DEF,Y,Y,Y,0
11370,2014,2014-09-07 13:00:00,1,MIN,STL,AWAY,99,Corey Wootton,DE,DEF,Y,Y,N,0
2982,2014,2014-09-07 13:00:00,1,NE,MIA,AWAY,3,Stephen Gostkowski,K,ST,Y,Y,N,0
15559,2014,2014-09-07 13:00:00,1,NE,MIA,AWAY,6,Ryan Allen,P,ST,Y,Y,N,0
16041,2014,2014-09-07 13:00:00,1,NE,MIA,AWAY,10,Jimmy Garoppolo,QB,OFF,Y,N,N,0
8355,2014,2014-09-07 13:00:00,1,NE,MIA,AWAY,11,Julian Edelman,WR,OFF,Y,Y,Y,0
4314,2014,2014-09-07 13:00:00,1,NE,MIA,AWAY,12,Tom Brady,QB,OFF,Y,Y,Y,56
14886,2014,2014-09-07 13:00:00,1,NE,MIA,AWAY,17,Aaron Dobson,WR,OFF,N,N,N,0
7651,2014,2014-09-07 13:00:00,1,NE,MIA,AWAY,18,Matthew Slater,WR,OFF,Y,Y,N,0
11463,2014,2014-09-07 13:00:00,1,NE,MIA,AWAY,19,Brandon LaFell,WR,OFF,Y,Y,N,0
16035,2014,2014-09-07 13:00:00,1,NE,MIA,AWAY,21,Malcolm Butler,CB,DEF,Y,Y,N,0
12774,2014,2014-09-07 13:00:00,1,NE,MIA,AWAY,22,Stevan Ridley,RB,OFF,Y,Y,Y,0
8353,2014,2014-09-07 13:00:00,1,NE,MIA,AWAY,23,Patrick Chung,S,DEF,Y,Y,Y,0
6304,2014,2014-09-07 13:00:00,1,NE,MIA,AWAY,24,Darrelle Revis,CB,DEF,Y,Y,Y,0
10091,2014,2014-09-07 13:00:00,1,NE,MIA,AWAY,25,Kyle Arrington,CB,DEF,Y,Y,N,0
14888,2014,2014-09-07 13:00:00,1,NE,MIA,AWAY,26,Logan Ryan,CB,DEF,Y,Y,N,0
13753,2014,2014-09-07 13:00:00,1,NE,MIA,AWAY,27,Tavon Wilson,DB,DEF,Y,Y,N,0
16056,2014,2014-09-07 13:00:00,1,NE,MIA,AWAY,28,James White,RB,OFF,N,N,N,0
14874,2014,2014-09-07 13:00:00,1,NE,MIA,AWAY,29,Don Jones,S,DEF,Y,Y,N,0
14887,2014,2014-09-07 13:00:00,1,NE,MIA,AWAY,30,Duron Harmon,DB,DEF,Y,Y,N,0
10978,2014,2014-09-07 13:00:00,1,NE,MIA,AWAY,32,Devin McCourty,S,DEF,Y,Y,Y,0
12780,2014,2014-09-07 13:00:00,1,NE,MIA,AWAY,34,Shane Vereen,RB,OFF,Y,Y,N,0
13742,2014,2014-09-07 13:00:00,1,NE,MIA,AWAY,37,Alfonzo Dennard,CB,DEF,Y,Y,Y,0
13741,2014,2014-09-07 13:00:00,1,NE,MIA,AWAY,38,Brandon Bolden,RB,OFF,Y,Y,N,0
13744,2014,2014-09-07 13:00:00,1,NE,MIA,AWAY,43,Nate Ebner,DB,DEF,Y,Y,N,0
14783,2014,2014-09-07 13:00:00,1,NE,MIA,AWAY,46,James Develin,RB,OFF,Y,Y,Y,0
11535,2014,2014-09-07 13:00:00,1,NE,MIA,AWAY,47,Michael Hoomanawanui,TE,OFF,Y,Y,Y,0
12721,2014,2014-09-07 13:00:00,1,NE,MIA,AWAY,48,Danny Aiken,LS,ST,Y,Y,N,0
9707,2014,2014-09-07 13:00:00,1,NE,MIA,AWAY,50,Rob Ninkovich,DE,DEF,Y,Y,Y,0
761,2014,2014-09-07 13:00:00,1,NE,MIA,AWAY,51,Jerod Mayo,LB,DEF,Y,Y,Y,0
13748,2014,2014-09-07 13:00:00,1,NE,MIA,AWAY,54,Dont'a Hightower,LB,DEF,Y,Y,Y,0
14497,2014,2014-09-07 13:00:00,1,NE,MIA,AWAY,58,Darius Fleming,LB,DEF,N,N,N,0
12745,2014,2014-09-07 13:00:00,1,NE,MIA,AWAY,59,Chris White,LB,DEF,Y,Y,N,0
12764,2014,2014-09-07 13:00:00,1,NE,MIA,AWAY,61,Marcus Cannon,C,OFF,Y,Y,Y,0
12233,2014,2014-09-07 13:00:00,1,NE,MIA,AWAY,62,Ryan Wendell,OL,OFF,Y,Y,N,0
1215,2014,2014-09-07 13:00:00,1,NE,MIA,AWAY,63,Dan Connolly,RG,OFF,Y,Y,Y,0
15424,2014,2014-09-07 13:00:00,1,NE,MIA,AWAY,65,Jordan Devey,LG,OFF,Y,Y,Y,0
16053,2014,2014-09-07 13:00:00,1,NE,MIA,AWAY,66,Bryan Stork,OL,OFF,N,N,N,0
